{
  "CardName": "Acid Splash",
  "Description": "<p>You hurl a bubble of acid. Choose one creature within Range, or choose two creatures within Range that are within 5 feet of each other. A target must succeed on a dexterity saving throw or take 1d6 acid damage.</p> <p>This spell’s damage increases by 1d6 when you reach 5th Level (2d6), 11th Level (3d6), and 17th Level (4d6).</p>",
  "page": "phb 211",
  "Range": "60 feet",
  "Components": "V, S",
  "Ritual": false,
  "Duration": "Instantaneous",
  "Concentration": false,
  "CastingTime": "1 action",
  "Level": "Cantrip",
  "School": "Conjuration",
  "Catagory": "Sorcerer, Wizard"
}