{
  "CardName": "Aganazzar's Scorcher",
  "Description": "<p>A line of roaring flame 30 feet long and 5 feet wide emanates from you in a direction you choose. Each creature in the line must make a Dexterity saving throw. A creature takes 3d8 fire damage on a failed save, or half as much damage on a successful one.</p>",
  "page": "ee pc 15",
  "Range": "30 feet",
  "Components": "V, S, M",
  "Materials": "A red dragon's scale.",
  "Ritual": false,
  "Duration": "Instantaneous",
  "Concentration": false,
  "CastingTime": "1 action",
  "Level": "2nd-Level",
  "School": "Evocation",
  "Catagory": "Sorcerer, Wizard",
  "AtHigherLevels": "<p>When you cast this spell using a spell slot of 3nd Level or higher, the damage increases by 1d8 for each slot Level above 2st.</p>"
}