{
  "CardName": "Aid",
  "Description": "<p>Your spell bolsters your allies with toughness and resolve. Choose up to three creatures within Range. Each target’s hit point maximum and current hit points increase by 5 for the Duration.</p>",
  "page": "phb 211",
  "Range": "30 feet",
  "Components": "V, S, M",
  "Materials": "A tiny strip of white cloth.",
  "Ritual": false,
  "Duration": "8 hours",
  "Concentration": false,
  "CastingTime": "1 action",
  "Level": "2nd-Level",
  "School": "Abjuration",
  "Catagory": "Cleric, Paladin",
  "AtHigherLevels": "<p>When you cast this spell using a spell slot of 3rd Level or higher, a target’s hit points increase by an additional 5 for each slot Level above 2nd.</p>"
}