{
  "CardName": "Animal Friendship",
  "Description": "<p>This spell lets you convince a beast that you mean it no harm. Choose a beast that you can see within Range. It must see and hear you. If the beast’s Intelligence is 4 or higher, the spell fails. Otherwise, the beast must succeed on a wisdom saving throw or be charmed by you for the spell’s Duration. If you or one of your companions harms the target, the spells ends.</p>",
  "page": "phb 212",
  "Range": "30 feet",
  "Components": "V, S, M",
  "Materials": "A morsel of food.",
  "Ritual": false,
  "Duration": "24 hours",
  "Concentration": false,
  "CastingTime": "1 action",
  "Level": "1st-Level",
  "School": "Enchantment",
  "Catagory": "Bard, Cleric, Druid, Ranger",
  "AtHigherLevels": "<p>When you cast this spell using a spell slot of 2nd Level or higher, you can affect one additional beast for each slot Level above 1st.</p>",
  "archetype": "Cleric: Nature",
  "domains": "Nature"
}