{
  "CardName": "Antilife Shell",
  "Description": "<p>A shimmering barrier extends out from you in a 10-foot radius and moves with you, remaining centered on you and hedging out creatures other than undead and constructs. The barrier lasts for the Duration.</p><p>The barrier prevents an affected creature from passing or reaching through. An affected creature can cast spells or make attacks with Ranged or reach weapons through the barrier.</p><p>If you move so that an affected creature is forced to pass through the barrier, the spell ends.</p>",
  "page": "phb 213",
  "Range": "Self",
  "Components": "V, S",
  "Ritual": false,
  "Duration": "Up to 1 hour",
  "Concentration": true,
  "CastingTime": "1 action",
  "Level": "5th-Level",
  "School": "Abjuration",
  "Catagory": "Druid"
}