{
  "CardName": "Arcane Eye",
  "Description": "<p>You create an invisible, magical eye within Range that hovers in the air for the Duration.</p><p>You mentally receive visual information from the eye, which has normal vision and darkvision out to 30 feet. The eye can look in every direction.</p><p>As an action, you can move the eye up to 30 feet in any direction. There is no limit to how far away from you the eye can move, but it can’t enter another plane of existence. A solid barrier blocks the eye’s movement, but the eye can pass through an opening as small as 1 inch in diameter.</p>",
  "page": "phb 214",
  "Range": "30 feet",
  "Components": "V, S, M",
  "Materials": "A bit of bat fur.",
  "Ritual": false,
  "Duration": "Up to 1 hour",
  "Concentration": true,
  "CastingTime": "1 action",
  "Level": "4th-Level",
  "School": "Divination",
  "Catagory": "Cleric, Wizard",
  "archetype": "Cleric: Knowledge",
  "domains": "Knowledge"
}