{
  "CardName": "Arms of Hadar",
  "Description": "<p>You invoke the power of Hadar, the Dark Hunger. Tendrils of dark energy erupt from you and batter all creatures within 10 feet of you. Each creature in that area must make a strength saving throw. On a failed save, a target takes 2d6 necrotic damage and can’t take reactions until its next turn. On a successful save, the creature takes half damage, but suffers no other effect.</p>",
  "page": "phb 215",
  "Range": "Self",
  "Components": "V, S",
  "Ritual": false,
  "Duration": "Instantaneous",
  "Concentration": false,
  "CastingTime": "1 action",
  "Level": "1st-Level",
  "School": "Conjuration",
  "Catagory": "Warlock",
  "AtHigherLevels": "<p>When you cast this spell using a spell slot of 2nd Level or higher, the damage increases by 1d6 for each slot Level above 1st.</p>"
}