{
  "CardName": "Aura of Purity",
  "Description": "<p>Purifying energy radiates from you in an aura with a 30-foot radius. Until the spell ends, the aura moves with you, centered on you. Each nonhostile creature in the aura (including you) can’t become diseased, has resistance to poison damage, and has advantage on saving throws against affects that cause any of the following conditions: blinded, charmed, deafened, frightened, paralysed, poisoned and stunned.</p>",
  "page": "phb 216",
  "Range": "Self",
  "Components": "V",
  "Ritual": false,
  "Duration": "Up to 10 minutes",
  "Concentration": true,
  "CastingTime": "1 action",
  "Level": "4th-Level",
  "School": "Abjuration",
  "Catagory": "Paladin"
}