{
  "CardName": "Banishment",
  "Description": "<p>You attempt to send one creature that you can see within Range to another plane of existence. The target must succeed on a charisma saving throw or be banished.</p><p>If the target is native to the plane of existence you’re on, you banish the target to a harmless demiplane. While there, the target is incapacitated. The target remains there until the spell ends, at which point the target reappears in the space it left or in the nearest unoccupied space if that space is occupied.</p><p>If the target is native to a different plane of existence than the one you’re on, the target is banished with a faint popping noise, returning to its home plane. If the spell ends before 1 minute has passed, the target reappears in the space it left or in the nearest unoccupied space if that space is occupied. Otherwise, the target doesn’t return.</p>",
  "page": "phb 217",
  "Range": "60 feet",
  "Components": "V, S, M",
  "Materials": "An item distasteful to the target.",
  "Ritual": false,
  "Duration": "Up to 1 minute",
  "Concentration": true,
  "CastingTime": "1 action",
  "Level": "4th-Level",
  "School": "Abjuration",
  "Catagory": "Cleric, Paladin, Sorcerer, Warlock, Wizard",
  "AtHigherLevels": "<p>When you cast this spell using a spell slot of 5th Level or higher, you can target one additional creature for each slot Level above 4th.</p>",
  "oaths": "Vengeance"
}