{
  "CardName": "Beast Sense",
  "Description": "<p>You touch a willing beast. For the Duration of the spell, you can use your action to see through the beast's eyes and hear what it hears, and continue to do so until you use your action to return to your normal senses. While perceiving through the beast's senses, you gain the benefits of any special senses possessed by that creature, though you are blinded and deafened to your own surroundings.</p>",
  "page": "phb 217",
  "Range": "Touch",
  "Components": "S",
  "Ritual": true,
  "Duration": "Up to 1 hour",
  "Concentration": true,
  "CastingTime": "1 action",
  "Level": "2nd-Level",
  "School": "Divination",
  "Catagory": "Druid, Ranger, Ritual Caster"
}