{
  "CardName": "Blade Barrier",
  "Description": "<p>You create a vertical wall of whirling, razor-sharp blades made of magical energy. The wall appears within Range and lasts for the Duration. You can make a straight wall up to 100 feet long, 20 feet high, and 5 feet thick, or a ringed wall up to 60 feet in diameter, 20 feet high, and 5 feet thick. The wall provides three-quarters cover to creatures behind it, and its space is difficult terrain.</p><p>When a creature enters the wall’s area for the first time on a turn or starts its turn there, the creature must make a dexterity saving throw. On a failed save, the creature takes 6d10 slashing damage. On a successful save, the creature takes half as much damage.</p>",
  "page": "phb 218",
  "Range": "90 feet",
  "Components": "V, S",
  "Ritual": false,
  "Duration": "Up to 10 minutes",
  "Concentration": true,
  "CastingTime": "1 action",
  "Level": "6th-Level",
  "School": "Evocation",
  "Catagory": "Cleric"
}