{
  "CardName": "Blade Ward",
  "Description": "<p>You extend your hand and trace a sigil of warding in the air. Until the end of your next turn, you have resistance against bludgeoning, piercing, and slashing damage dealt by weapon attacks.</p>",
  "page": "phb 218",
  "Range": "Self",
  "Components": "V, S",
  "Ritual": false,
  "Duration": "1 round",
  "Concentration": false,
  "CastingTime": "1 action",
  "Level": "Cantrip",
  "School": "Abjuration",
  "Catagory": "Bard, Sorcerer, Warlock, Wizard"
}