{
  "CardName": "Bless",
  "Description": "<p>You bless up to three creatures of your choice within Range. Whenever a target makes an attack roll or a saving throw before the spell ends, the target can roll a d4 and add the number rolled to the attack roll or saving throw.</p>",
  "page": "phb 219",
  "Range": "30 feet",
  "Components": "V, S, M",
  "Materials": "A sprinkling of holy water.",
  "Ritual": false,
  "Duration": "Up to 1 minute",
  "Concentration": true,
  "CastingTime": "1 action",
  "Level": "1st-Level",
  "School": "Enchantment",
  "Catagory": "Cleric, Paladin",
  "AtHigherLevels": "<p>When you cast this spell using a spell slot of 2nd Level or higher, you can target one additional creature for each slot Level above 1st.</p>",
  "domains": "Life"
}