{
  "CardName": "Blight",
  "Description": "<p>Necromantic energy washes over a creature of your choice that you can see within Range, draining moisture and vitality from it. The target must make a constitution saving throw. The target takes 8d8 necrotic damage on a failed save, or half as much damage on a successful one. The spell has no effect on undead or constructs.</p><p>If you target a plant creature or a magical plant, it makes the saving throw with disadvantage, and the spell deals maximum damage to it.</p><p>If you target a nonmagical plant that isn’t a creature, such as a tree or shrub, it doesn’t make a saving throw; it simply withers and dies.</p>",
  "page": "phb 219",
  "Range": "30 feet",
  "Components": "V, S",
  "Ritual": false,
  "Duration": "Instantaneous",
  "Concentration": false,
  "CastingTime": "1 action",
  "Level": "4th-Level",
  "School": "Necromancy",
  "Catagory": "Druid, Sorcerer, Warlock, Wizard",
  "AtHigherLevels": "<p>When you cast this spell using a spell slot of 5th Level of higher, the damage increases by 1d8 for each slot Level above 4th.</p>",
  "circles": "Desert"
}