{
  "CardName": "Burning Hands",
  "Description": "<p>As you hold your hands with thumbs touching and fingers spread, a thin sheet of flames shoots forth from your outstretched fingertips. Each creature in a 15-foot cone must make a dexterity saving throw. A creature takes 3d6 fire damage on a failed save, or half as much damage on a successful one.</p><p>The fire ignites any flammable objects in the area that aren’t being worn or carried.</p>",
  "page": "phb 220",
  "Range": "Self",
  "Components": "V, S",
  "Ritual": false,
  "Duration": "Instantaneous",
  "Concentration": false,
  "CastingTime": "1 action",
  "Level": "1st-Level",
  "School": "Evocation",
  "Catagory": "Cleric, Sorcerer, Warlock, Wizard",
  "AtHigherLevels": "<p>When you cast this spell using a spell slot of 2nd Level or higher, the damage increases by 1d6 for each slot Level above 1st.</p>",
  "archetype": "Cleric: Light<br/> Warlock: Fiend",
  "domains": "Light",
  "patrons": "Fiend"
}