{
  "CardName": "Catapult",
  "Description": "<p>Choose one object weighing 1 to 5 pounds within Range that isn't being worn or carried. The object flies in a straight line up to 90 feet in a direction you choose before falling to the ground, stopping early if it impacts against a solid surface. If the object would strike a creature, that creature must make a Dexterity saving throw. On a failed save, the object strikes the target and stops moving. In either case, both the object and the creature or solid surface take 3d8 bludgeoning damage.</p>",
  "page": "ee pc 15",
  "Range": "150 feet",
  "Components": "S",
  "Ritual": false,
  "Duration": "Instantaneous",
  "Concentration": false,
  "CastingTime": "1 action",
  "Level": "1st-Level",
  "School": "Transmutation",
  "Catagory": "Sorcerer, Wizard",
  "AtHigherLevels": "<p>When you cast this spell using a spell slot of 2nd Level or higher, the maximum weight of objects that you can target with this spell increases by 5 pounds, and the damage increases by 1d8, for each slot Level above 1st.</p>"
}