{
  "CardName": "Cloud of Daggers",
  "Description": "<p>You fill the air with spinning daggers in a cube 5 feet on each side, centered on a point you choose within Range. A creature takes 4d4 slashing damage when it enters the spell’s area for the first time on a turn or starts its turn there.</p>",
  "page": "phb 222",
  "Range": "60 feet",
  "Components": "V, S, M",
  "Materials": "A sliver of glass.",
  "Ritual": false,
  "Duration": "Up to 1 minute",
  "Concentration": true,
  "CastingTime": "1 action",
  "Level": "2nd-Level",
  "School": "Conjuration",
  "Catagory": "Bard, Sorcerer, Warlock, Wizard",
  "AtHigherLevels": "<p>When you cast this spell using a spell slot of 3rd Level or higher, the damage increases by 2d4 for each slot Level above 2nd.</p>"
}