{
  "CardName": "Comprehend Languages",
  "Description": "<p>For the Duration, you understand the literal meaning of any spoken language that you hear. You also understand any written language that you see, but you must be touching the surface on which the words are written. It takes about 1 minute to read one page of text.</p><p>This spell doesn’t decode secret messages in a text or a glyph, such as an arcane sigil, that isn’t part of a written language.</p>",
  "page": "phb 224",
  "Range": "Self",
  "Components": "V, S, M",
  "Materials": "A pinch of soot and salt.",
  "Ritual": true,
  "Duration": "1 hour",
  "Concentration": false,
  "CastingTime": "1 action",
  "Level": "1st-Level",
  "School": "Divination",
  "Catagory": "Bard, Ritual Caster, Sorcerer, Warlock, Wizard"
}