{
  "CardName": "Conjure Volley",
  "Description": "<p>You fire a piece of nonmagical ammunition from a Ranged weapon or throw a nonmagical weapon into the air and choose a point within Range. Hundreds of duplicates of the ammunition or weapon fall in a volley from above and then disappear. Each creature in a 40-foot-radius. 20-foot-high cylinder centered on that point must make a dexterity saving throw. A creature takes 8d8 damage on a failed save, or half as much damage on a successful one. The damage type is the same as that of the ammunition or weapon.</p>",
  "page": "phb 226",
  "Range": "150 feet",
  "Components": "V, S, M",
  "Materials": "One piece of ammunition or one thrown weapon.",
  "Ritual": false,
  "Duration": "Instantaneous",
  "Concentration": false,
  "CastingTime": "1 action",
  "Level": "5th-Level",
  "School": "Conjuration",
  "Catagory": "Ranger"
}