{
  "CardName": "Conjure Elemental",
  "Description": "<p>You call forth an elemental servant. Choose an area of air, earth, fire, or water that fills a 10-foot cube within Range. An elemental of challenge rating 5 or lower appropriate to the area you chose appears in an unoccupied space within 10 feet of it. For example, a fire elemental emerges from a bonfire, and an earth elemental rises up from the ground. The elemental disappears when it drops to 0 hit points or when the spell ends.</p><p>The elemental is friendly to you and your companions for the Duration. Roll initiative for the elemental, which has its own turns. It obeys any verbal commands that you issue to it (no action required by you). If you don’t issue any commands to the elemental, it defends itself from hostile creatures but otherwise takes no actions.</p><p>If your Concentration is broken, the elemental doesn’t disappear. Instead, you lose control of the elemental, it becomes hostile toward you and your companions, and it might attack. An uncontrolled elemental can’t be dismissed by you, and it disappears 1 hour after you summoned it.</p><p>The DM has the elemental’s statistics.</p>",
  "page": "phb 225",
  "Range": "90 feet",
  "Components": "V, S, M",
  "Materials": "Burning incense for air, soft clay for earth, sulfur and phosphorus for fire, or water and sand for water.",
  "Ritual": false,
  "Duration": "Up to 1 hour",
  "Concentration": true,
  "CastingTime": "1 minute",
  "Level": "5th-Level",
  "School": "Conjuration",
  "Catagory": "Druid, Wizard",
  "AtHigherLevels": "<p>When you cast this spell using a spell slot of 6th Level or higher, the challenge rating increases by 1 for each slot Level above 5th.</p>",
  "circles": "Coast"
}