{
  "CardName": "Conjure Fey",
  "Description": "<p>You summon a fey creature of challenge rating 6 or lower, or a fey spirit that takes the form of a beast of challenge rating 6 or lower. It appears in an unoccupied space that you can see within Range. The fey creature disappears when it drops to 0 hit points or when the spell ends.</p><p>The fey creature is friendly to you and your companions for the Duration. Roll initiative for the creature, which has its own turns. It obeys any verbal commands that you issue to it (no action required by you), as long as they don't violate its alignment. If you don’t issue any commands to the fey creature, it defends itself from hostile creatures but otherwise takes no actions.</p><p>If your Concentration is broken, the fey creature doesn’t disappear. Instead, you lose control of the fey creature, it becomes hostile toward you and your companions, and it might attack. An uncontrolled fey creature can't be dismissed by you, and it disappears 1 hour after you summoned it.</p><p>The DM has the fey creature’s statistics.</p>",
  "page": "phb 226",
  "Range": "90 feet",
  "Components": "V, S",
  "Ritual": false,
  "Duration": "Up to 1 hour",
  "Concentration": true,
  "CastingTime": "1 minute",
  "Level": "6th-Level",
  "School": "Conjuration",
  "Catagory": "Druid, Warlock",
  "AtHigherLevels": "<p>When you cast this spell using a spell slot of 7th Level or higher, the challenge rating increases by 1 for each slot Level above 6th.</p>"
}