{
  "CardName": "Conjure Barrage",
  "Description": "<p>You throw a nonmagical weapon or fire a piece of nonmagical ammunition into the air to create a cone of identical weapons that shoot forward and then disappear. Each creature in a 60-foot cone must succeed on a dexterity saving throw. A creature takes 3d8 damage on a failed save, or half as much damage on a successful one. The damage type is the same as that of the weapon or ammunition used as a component.</p>",
  "page": "phb 225",
  "Range": "Self",
  "Components": "V, S, M",
  "Materials": "One piece of ammunition or a thrown weapon.",
  "Ritual": false,
  "Duration": "Instantaneous",
  "Concentration": false,
  "CastingTime": "1 action",
  "Level": "3rd-Level",
  "School": "Conjuration",
  "Catagory": "Ranger"
}