{
  "CardName": "Continual Flame",
  "Description": "<p>A flame, equivalent in brightness to a torch, springs forth from an object that you touch. The effect looks like a regular flame, but it creates no heat and doesn't use oxygen. A continual flame can be covered or hidden but not smothered or quenched.</p>",
  "page": "phb 227",
  "Range": "Touch",
  "Components": "V, S, M",
  "Materials": "Ruby dust worth 50 gp, which the spell consumes.",
  "Ritual": false,
  "Duration": "Until dispelled",
  "Concentration": false,
  "CastingTime": "1 action",
  "Level": "2nd-Level",
  "School": "Evocation",
  "Catagory": "Cleric, Wizard"
}