{
  "CardName": "Contagion",
  "Description": "<p>Your touch inflicts disease. Make a melee spell attack against a creature within your reach. On a hit, you afflict the creature with a disease of your choice from any of the ones Descriptionribed below.</p><p>At the end of each of the target’s turns, it must make a constitution saving throw. After failing three of these saving throws, the disease’s effects last for the Duration, and the creature stops making these saves. After succeeding on three of these saving throws, the creature recovers from the disease, and the spell ends.</p><p>Since this spell induces a natural disease in its target, any effect that removes a disease or otherwise ameliorates a disease’s effects apply to it.</p><p><b>Blinding Sickness.</b> Pain grips the creature’s mind, and its eyes turn milky white. The creature has disadvantage on wisdom checks and wisdom saving throws and is blinded.</p><p><b>Filth Fever.</b> A raging fever sweeps through the creature’s body. The creature has disadvantage on strength checks, strength saving throws, and attack rolls that use Strength.</p><p><b>Flesh Rot.</b> The creature’s flesh decays. The creature has disadvantage on Charisma checks and vulnerability to all damage.</p><p><b>Mindfire.</b> The creature’s mind becomes feverish. The creature has disadvantage on intelligence checks and intelligence saving throws, and the creature behaves as if under the effects of the confusion spell during combat.</p><p><b>Seizure.</b> The creature is overcome with shaking. The creature has disadvantage on dexterity checks, dexterity saving throws, and attack rolls that use Dexterity.</p><p><b>Slimy Doom.</b> The creature begins to bleed uncontrollably. The creature has disadvantage on constitution checks and constitution saving throws. In addition, whenever the creature takes damage, it is stunned until the end of its next turn.</p>",
  "page": "phb 227",
  "Range": "Touch",
  "Components": "V, S",
  "Ritual": false,
  "Duration": "7 days",
  "Concentration": false,
  "CastingTime": "1 action",
  "Level": "5th-Level",
  "School": "Necromancy",
  "Catagory": "Cleric, Druid"
}