{
  "CardName": "Cordon of Arrows",
  "Description": "<p>You plant four pieces of nonmagical ammunition—arrows or crossbow bolts—in the ground within Range and lay magic upon them to protect an area. Until the spell ends, whenever a creature other than you comes within 30 feet of the ammunition for the first time on a turn or ends its turn there, one piece of ammunition flies up to strike it. The creature must succeed on a dexterity saving throw or take 1d6 piercing damage. The piece of ammunition is then destroyed. The spell ends when no ammunition remains.</p><p>When you cast this spell, you can designate any creatures you choose, and the spell ignores them.</p>",
  "page": "phb 228",
  "Range": "5 feet",
  "Components": "V, S, M",
  "Materials": "Four or more arrows or bolts.",
  "Ritual": false,
  "Duration": "8 hours",
  "Concentration": false,
  "CastingTime": "1 action",
  "Level": "2nd-Level",
  "School": "Transmutation",
  "Catagory": "Ranger",
  "AtHigherLevels": "<p>When you cast this spell using a spell slot of 3rd Level or higher, the amount of ammunition that can be affected increases by two for each slot Level above 2nd.</p>"
}