{
  "CardName": "Counterspell",
  "Description": "<p>You attempt to interrupt a creature in the process of casting a spell. If the creature is casting a spell of 3rd Level or lower, its spell fails and has no effect. If it is casting a spell of 4th Level or higher, make an ability check using your spellcasting ability. The DC equals 10 + the spell’s Level. On a success, the creature’s spell fails and has no effect.</p>",
  "page": "phb 228",
  "Range": "60 feet",
  "Components": "S",
  "Ritual": false,
  "Duration": "Instantaneous",
  "Concentration": false,
  "CastingTime": "1 reaction",
  "Level": "3rd-Level",
  "School": "Abjuration",
  "Catagory": "Sorcerer, Warlock, Wizard",
  "AtHigherLevels": "<p>When you cast this spell using a spell slot of 4th Level or higher, the interrupted spell has no effect if its Level is less than or equal to the Level of the spell slot you used.</p>"
}