{
  "CardName": "Death Ward",
  "Description": "<p>You touch a creature and grant it a measure of protection from death.</p><p>The first time the target would drop to 0 hit points as a result of taking damage, the target instead drops to 1 hit point, and the spell ends.</p><p>If the spell is still in effect when the target is subjected to an effect that would kill it instantaneously without dealing damage, that effect is instead negated against the target, and the spell ends.</p>",
  "page": "phb 230",
  "Range": "Touch",
  "Components": "V, S",
  "Ritual": false,
  "Duration": "8 hours",
  "Concentration": false,
  "CastingTime": "1 action",
  "Level": "4th-Level",
  "School": "Abjuration",
  "Catagory": "Cleric, Paladin",
  "domains": "Life"
}