{
  "CardName": "Destructive Wave",
  "Description": "<p>You strike the ground, creating a burst of divine energy that ripples outward from you. Each creature you choose within 30 feet of you must succeed on a constitution saving throw or take 5d6 thunder damage, as well as 5d6 radiant or necrotic damage (your choice), and be knocked prone. A creature that succeeds on its saving throw takes half as much damage and isn’t knocked prone.</p>",
  "page": "phb 231",
  "Range": "Self",
  "Components": "V",
  "Ritual": false,
  "Duration": "Instantaneous",
  "Concentration": false,
  "CastingTime": "1 action",
  "Level": "5th-Level",
  "School": "Evocation",
  "Catagory": "Cleric, Paladin",
  "archetype": "Cleric: Tempest",
  "domains": "Tempest"
}