{
  "CardName": "Detect Poison and Disease",
  "Description": "<p>For the Duration, you can sense the presence and location of poisons, poisonous creatures, and diseases within 30 feet of you. You also identify the kind of poison, poisonous creature, or disease in each case.</p><p>The spell can penetrate most barriers, but it is blocked by 1 foot of stone, 1 inch of common metal, a thin sheet of lead, or 3 feet of wood or dirt.</p>",
  "page": "phb 231",
  "Range": "Self",
  "Components": "V, S, M",
  "Materials": "A yew leaf.",
  "Ritual": true,
  "Duration": "Up to 10 minutes",
  "Concentration": true,
  "CastingTime": "1 action",
  "Level": "1st-Level",
  "School": "Divination",
  "Catagory": "Cleric, Druid, Paladin, Ranger, Ritual Caster"
}