{
  "CardName": "Detect Magic",
  "Description": "<p>For the Duration, you sense the presence of magic within 30 feet of you. If you sense magic in this way, you can use your action to see a faint aura around any visible creature or object in the area that bears magic, and you learn its School of magic, if any.</p><p>The spell can penetrate most barriers, but it is blocked by 1 foot of stone, 1 inch of common metal, a thin sheet of lead, or 3 feet of wood or dirt.</p>",
  "page": "phb 231",
  "Range": "Self",
  "Components": "V, S",
  "Ritual": true,
  "Duration": "Up to 10 minutes",
  "Concentration": true,
  "CastingTime": "1 action",
  "Level": "1st-Level",
  "School": "Divination",
  "Catagory": "Bard, Cleric, Druid, Paladin, Ranger, Ritual Caster, Sorcerer, Wizard"
}