{
  "CardName": "Disintegrate",
  "Description": "<p>A thin green ray springs from your pointing finger to a target that you can see within Range. The target can be a creature, an object, or a creation of magical force, such as the wall created by wall of force.</p><p>A creature targeted by this spell must make a dexterity saving throw. On a failed save, the target takes 10d6 + 40 force damage. If this damage reduces the target to 0 hit points, it is disintegrated.</p><p>A disintegrated creature and everything it is wearing and carrying, except magic items, are reduced to a pile of fine gray dust. The creature can be restored to life only by means of a true resurrection or a wish spell.</p><p>This spell automatically disintegrates a Large or smaller nonmagical object or a creation of magical force. If the target is a Huge or larger object or creation of force, this spell disintegrates a 10-foot-cube portion of it. A magic item is unaffected by this spell.</p>",
  "page": "phb 233",
  "Range": "60 feet",
  "Components": "V, S, M",
  "Materials": "A lodestone and a pinch of dust.",
  "Ritual": false,
  "Duration": "Instantaneous",
  "Concentration": false,
  "CastingTime": "1 action",
  "Level": "6th-Level",
  "School": "Transmutation",
  "Catagory": "Sorcerer, Wizard",
  "AtHigherLevels": "<p>When you cast this spell using a spell slot of 7th Level or higher, the damage increases by 3d6 for each slot Level above 6th.</p>"
}