{
  "CardName": "Dispel Evil and Good",
  "Description": "<p>Shimmering energy surrounds and protects you from fey, undead, and creatures originating from beyond the Materials Plane. For the Duration, celestials, elementals, fey, fiends, and undead have disadvantage on attack rolls against you.</p><p>You can end the spell early by using either of the following special functions.</p><p><b>Break Enchantment.</b> As your action, you touch a creature you can reach that is charmed, frightened, or possessed by a celestial, an elemental, a fey, a fiend, or an undead. The creature you touch is no longer charmed, frightened, or possessed by such creatures.</p><p><b>Dismissal.</b> As your action, make a melee spell attack against a celestial, an elemental, a fey, a fiend, or an undead you can reach. On a hit, you attempt to drive the creature back to its home plane. The creature must succeed on a charisma saving throw or be sent back to its home plane (if it isn't there already). If they aren’t on their home plane, undead are sent to the Shadowfell, and fey are sent to the Feywild.</p>",
  "page": "phb 233",
  "Range": "Self",
  "Components": "V, S, M",
  "Materials": "Holy water or powdered silver and iron.",
  "Ritual": false,
  "Duration": "Up to 1 minute",
  "Concentration": true,
  "CastingTime": "1 action",
  "Level": "5th-Level",
  "School": "Abjuration",
  "Catagory": "Cleric, Paladin"
}