{
  "CardName": "Dissonant Whispers",
  "Description": "<p>You whisper a discordant melody that only one creature of your choice within Range can hear, wracking it with terrible pain. The target must make a wisdom saving throw. On a failed save, it takes 3d6 psychic damage and must immediately use its reaction, if available, to move as far as its speed allows away from you. The creature doesn’t move into obviously dangerous ground, such as a fire or a pit. On a successful save, the target takes half as much damage and doesn’t have to move away. A deafened creature automatically succeeds on the save.</p>",
  "page": "phb 234",
  "Range": "60 feet",
  "Components": "V",
  "Ritual": false,
  "Duration": "Instantaneous",
  "Concentration": false,
  "CastingTime": "1 action",
  "Level": "1st-Level",
  "School": "Enchantment",
  "Catagory": "Bard, Warlock",
  "AtHigherLevels": "<p>When you cast this spell using a spell slot of 2nd Level or higher, the damage increases by 1d6 for each slot Level above 1st.</p>",
  "archetype": "Warlock: Great Old One",
  "patrons": "Great Old One"
}