{
  "CardName": "Divine Word",
  "Description": "<p>You speak a word of God, full of the power that has shaped the world at the dawn of creation. Choose as many creatures as you want from those you see, in the Range of the spell. Every creature that hears you must make a backup Charisma, or she undergoes an effect based on the current value of his life.</p><p>- pv or less 50: muted for 1 minute</p><p>- 40 hp or less: deafened and blinded for 10 minutes</p><p>- 30 hp or less: blinded, deafened and dazed for 1 hour</p><p>- 20 hp or less: killed instantly</p><p>Regardless of its points of current life, a celestial, an elementary, a fairy or a fiend who fails his roll is returned to its original plan (if not already) and it can not go back on your plan for 24 hours, regardless of the means, with the exception of the wish spell.</p>",
  "page": "phb 234",
  "Range": "30 feet",
  "Components": "V",
  "Ritual": false,
  "Duration": "Instantaneous",
  "Concentration": false,
  "CastingTime": "1 bonus action",
  "Level": "7th-Level",
  "School": "Evocation",
  "Catagory": "Cleric"
}