{
  "CardName": "Divination",
  "Description": "<p>Your magic and an offering put you in contact with a god or a god’s servants. You ask a single question concerning a specific goal, event, or activity to occur within 7 days. The DM offers a truthful reply. The reply might be a short phrase, a cryptic rhyme, or an omen.</p><p>The spell doesn’t take into account any possible circumstances that might change the outcome, such as the casting of additional spells or the loss or gain of a companion.</p><p>If you cast the spell two or more times before finishing your next long rest, there is a cumulative 25 percent chance for each casting after the first that you get a random reading. The DM makes this roll in secret.</p>",
  "page": "phb 234",
  "Range": "Self",
  "Components": "V, S, M",
  "Materials": "Incense and a sacrificial offering appropriate to your religion, together worth at least 25gp, which the spell consumes.",
  "Ritual": true,
  "Duration": "Instantaneous",
  "Concentration": false,
  "CastingTime": "1 action",
  "Level": "4th-Level",
  "School": "Divination",
  "Catagory": "Cleric, Druid, Ritual Caster",
  "archetype": "Druid: Forest, Grassland",
  "circles": "Forest, Grassland"
}