{
  "CardName": "Dust Devil",
  "Description": "<p>Choose an unoccupied 5-foot cube of air that you can see within Range. An elemental force that resembles a dust devil appears in the cube and lasts for the spell's Duration.</p><p>Any creature that ends its turn within 5 feet of the dust devil must make a Strength saving throw. On a failed save, the creature takes 1d8 bludgeoning damage and is pushed 10 feet away. On a successful save, the creature takes half as much damage and isn't pushed.</p><p>As a bonus action, you can move the dust devil up to 30 feet in any direction. If the dust devil moves over sand, dust, loose dirt, or small gravel, it sucks up the Materials and forms a 10-foot-radius cloud of debris around itself that lasts until the start of your next turn. The cloud heavily obscures its area.</p>",
  "page": "ee pc 17",
  "Range": "60 feet",
  "Components": "V, S, M",
  "Materials": "A pinch of dust.",
  "Ritual": false,
  "Duration": "Up to 1 minute",
  "Concentration": true,
  "CastingTime": "1 action",
  "Level": "2nd-Level",
  "School": "Conjuration",
  "Catagory": "Druid, Sorcerer, Wizard",
  "AtHigherLevels": "<p>When you cast this spell using a spell slot of 3rd Level or higher, the damage increases by 1d8 for each slot Level above 2nd.</p>"
}