{
  "CardName": "Earth Tremor",
  "Description": "<p>You cause a tremor in the ground in a 10-foot radius. Each creature other than you in that area must make a Dexterity saving throw. On a failed save, a creature takes 1d6 bludgeoning damage and is knocked prone. If the ground in that area is loose earth or stone, it becomes difficult terrain until cleared.</p>",
  "page": "ee pc 17",
  "Range": "Self (10-foot radius)",
  "Components": "V, S",
  "Ritual": false,
  "Duration": "Instantaneous",
  "Concentration": false,
  "CastingTime": "1 action",
  "Level": "1st-Level",
  "School": "Evocation",
  "Catagory": "Bard, Druid, Sorcerer, Wizard",
  "AtHigherLevels": "<p>When you cast this spell using a spell slot of 2nd Level or higher, the damage increases by 1d6 for each slot Level above 1st.</p>"
}