{
  "CardName": "Eldritch Blast",
  "Description": "<p>A beam of crackling energy streaks toward a creature within Range. Make a Ranged spell attack against the target. On a hit, the target takes 1d10 force damage.</p><p>The spell creates more than one beam when you reach higher Levels: two beams at 5th Level, three beams at 11th Level, and four beams at 17th Level. You can direct the beams at the same target or at different ones. Make a separate attack roll for each beam.</p>",
  "page": "phb 237",
  "Range": "120 feet",
  "Components": "V, S",
  "Ritual": false,
  "Duration": "Instantaneous",
  "Concentration": false,
  "CastingTime": "1 action",
  "Level": "Cantrip",
  "School": "Evocation",
  "Catagory": "Warlock"
}