{
  "CardName": "Elemental Bane",
  "Description": "<p>Choose one creature you can see within Range, and choose one of the following damage types: acid, cold, fire, lightning, or thunder. The target must succeed on a Constitution saving throw or be affected by the spell for its Duration. The first time each turn the affected target takes damage of the chosen type, the target takes an extra 2d6 damage of that type. Moreover, the target loses any resistance to that damage type until the spell ends.</p>",
  "page": "ee pc 17",
  "Range": "90 feet",
  "Components": "V, S",
  "Ritual": false,
  "Duration": "Up to 1 minute",
  "Concentration": true,
  "CastingTime": "1 action",
  "Level": "4th-Level",
  "School": "Transmutation",
  "Catagory": "Druid, Warlock, Wizard",
  "AtHigherLevels": "<p>When you cast this spell using a spell slot of 5th Level or higher, you can target one additional creature for each slot Level above 4th. The creatures must be within 30 feet of each other when you target them.</p>"
}