{
  "CardName": "Entangle",
  "Description": "<p>Grasping weeds and vines sprout from the ground in a 20-foot square starting form a point within Range. For the Duration, these plants turn the ground in the area into difficult terrain.</p><p>A creature in the area when you cast the spell must succeed on a strength saving throw or be restrained by the entangling plants until the spell ends. A creature restrained by the plants can use its action to make a Strength check against your spell save DC. On a success, it frees itself.</p><p>When the spell ends, the conjured plants wilt away.</p>",
  "page": "phb 238",
  "Range": "90 feet",
  "Components": "V, S",
  "Ritual": false,
  "Duration": "Up to 1 minute",
  "Concentration": true,
  "CastingTime": "1 action",
  "Level": "1st-Level",
  "School": "Conjuration",
  "Catagory": "Druid"
}