{
  "CardName": "Erupting Earth",
  "Description": "<p>Choose a point you can see on the ground within Range. A fountain of churned earth and stone erupts in a 20-foot cube centered on that point. Each creature in that area must make a Dexterity saving throw. A creature takes 3d12 bludgeoning damage on a failed save, or half as much damage on a successful one. Additionally, the ground in that area becomes difficult terrain until cleared away. Each 5-foot-square portion of the area requires at least 1 minute to clear by hand.</p>",
  "page": "ee pc 17",
  "Range": "120 feet",
  "Components": "V, S, M",
  "Materials": "A piece of obsidian.",
  "Ritual": false,
  "Duration": "Instantaneous",
  "Concentration": false,
  "CastingTime": "1 action",
  "Level": "3rd-Level",
  "School": "Transmutation",
  "Catagory": "Druid, Sorcerer, Wizard",
  "AtHigherLevels": "<p>When you cast this spell using a spell slot of 3rd Level or higher, the damage increases by 1d12 for each slot Level above 2nd.</p>"
}