{
  "CardName": "Eyebite",
  "Description": "<p>For the spell’s Duration, your eyes become an inky void imbued with dread power. One creature of your choice within 60 feet of you that you can see must succeed on a wisdom saving throw or be affected by one of the following effects of your choice for the Duration. On each of your turns until the spell ends, you can use your action to target another creature but can’t target a creature again if it has succeeded on a saving throw against this casting of eyebite.</p><p><b>Asleep.</b> The target falls unconscious. It wakes up if it takes any damage or if another creature uses its action to shake the sleeper awake.</p><p><b>Panicked.</b> The target is frightened of you. On each of its turns, the frightened creature must take the Dash action and move away from you by the safest and shortest available route, unless there is nowhere to move. If the target moves to a place at least 60 feet away from you where it can no longer see you, this effect ends.</p><p><b>Sickened.</b> The target has disadvantage on attack rolls and ability checks. At the end of each of its turns, it can make another wisdom saving throw. If it succeeds, the effect ends.</p>",
  "page": "phb 238",
  "Range": "Self",
  "Components": "V, S",
  "Ritual": false,
  "Duration": "Up to 1 minute",
  "Concentration": true,
  "CastingTime": "1 action",
  "Level": "6th-Level",
  "School": "Necromancy",
  "Catagory": "Bard, Sorcerer, Warlock, Wizard"
}