{
  "CardName": "Fabricate",
  "Description": "<p>You convert raw Materialss into products of the same Materials. For example, you can fabricate a wooden bridge from a clump of trees, a rope from a patch of hemp, and clothes from flax or wool.</p><p>Choose raw Materialss that you can see within Range. You can fabricate a Large or smaller object (contained within a 10-foot cube, or eight connected 5-foot cubes), given a sufficient quantity of raw Materials. If you are working with metal, stone, or another mineral substance, however, the fabricated object can be no larger than Medium (contained within a single 5-foot cube). The quality of objects made by the spell is commensurate with the quality of the raw Materialss.</p><p>Creatures or magic items can’t be created or transmuted by this spell. You also can’t use it to create items that ordinarily require a high degree of craftsmanship, such as jewelry, weapons, glass, or armor, unless you have proficiency with the type of artisan’s tools used to craft such objects.</p>",
  "page": "phb 239",
  "Range": "120 feet",
  "Components": "V, S",
  "Ritual": false,
  "Duration": "Instantaneous",
  "Concentration": false,
  "CastingTime": "10 minutes",
  "Level": "4th-Level",
  "School": "Transmutation",
  "Catagory": "Wizard"
}