{
  "CardName": "Faerie Fire",
  "Description": "<p>Each object in a 20-foot cube within Range is outlined in blue, green, or violet light (your choice). Any creature in the area when the spell is cast is also outlined in light if it fails a dexterity saving throw. For the Duration, objects and affected creatures shed dim light in a 10-foot radius.</p><p>Any attack roll against an affected creature or object has advantage if the attacker can see it, and the affected creature or object can’t benefit from being invisible.</p>",
  "page": "phb 239",
  "Range": "60 feet",
  "Components": "V",
  "Ritual": false,
  "Duration": "Up to 1 minute",
  "Concentration": true,
  "CastingTime": "1 action",
  "Level": "1st-Level",
  "School": "Evocation",
  "Catagory": "Bard, Cleric, Druid, Warlock",
  "archetype": "Cleric: Light<br/> Warlock: Archfey",
  "domains": "Light",
  "patrons": "Archfey"
}