{
  "CardName": "False Life",
  "Description": "<p>Bolstering yourself with a necromantic facsimile of life, you gain 1d4 + 4 temporary hit points for the Duration.</p>",
  "page": "phb 239",
  "Range": "Self",
  "Components": "V, S, M",
  "Materials": "A small amount of alcohol or distilled spirits.",
  "Ritual": false,
  "Duration": "1 hour",
  "Concentration": false,
  "CastingTime": "1 action",
  "Level": "1st-Level",
  "School": "Necromancy",
  "Catagory": "Sorcerer, Wizard",
  "AtHigherLevels": "<p>When you cast this spell using a spell slot of 2nd Level or higher, you gain 5 additional temporary hit points for each slot Level above 1st.</p>"
}