{
  "CardName": "Fear",
  "Description": "<p>You project a phantasmal image of a creature’s worst fears. Each creature in a 30-foot cone must succeed on a wisdom saving throw or drop whatever it is holding and become frightened for the Duration.</p><p>While frightened by this spell, a creature must take the Dash action and move away from you by the safest available route on each of its turns, unless there is nowhere to move. If the creature ends its turn in a location where it doesn’t have line of sight to you, the creature can make a wisdom saving throw. On a successful save, the spell ends for that creature.</p>",
  "page": "phb 239",
  "Range": "Self",
  "Components": "V, S, M",
  "Materials": "A white feather or the heart of a hen.",
  "Ritual": false,
  "Duration": "Up to 1 minute",
  "Concentration": true,
  "CastingTime": "1 action",
  "Level": "3rd-Level",
  "School": "Illusion",
  "Catagory": "Bard, Sorcerer, Warlock, Wizard"
}