{
  "CardName": "Finger of Death",
  "Description": "<p>You send negative energy coursing through a creature that you can see within Range, causing it searing pain. The target must make a constitution saving throw. It takes 7d8 + 30 necrotic damage on a failed save, or half as much damage on a successful one.</p><p>A humanoid killed by this spell rises at the start of your next turn as a zombie that is permanently under your command, following your verbal orders to the best of its ability.</p>",
  "page": "phb 241",
  "Range": "60 feet",
  "Components": "V, S",
  "Ritual": false,
  "Duration": "Instantaneous",
  "Concentration": false,
  "CastingTime": "1 action",
  "Level": "7th-Level",
  "School": "Necromancy",
  "Catagory": "Sorcerer, Warlock, Wizard"
}