{
  "CardName": "Fire Storm",
  "Description": "<p>A storm made up of sheets of roaring flame appears in a location you choose within Range. The area of the storm consists of up to ten 10-foot cubes, which you can arRange as you wish. Each cube must have at least one face adjacent to the face of another cube. Each creature in the area must make a dexterity saving throw. It takes 7d10 fire damage on a failed save, or half as much damage on a successful one.</p><p>The fire damages objects in the area and ignites flammable objects that aren’t being worn or carried. If you choose, plant life in the area is unaffected by this spell.</p>",
  "page": "phb 242",
  "Range": "150 feet",
  "Components": "V, S",
  "Ritual": false,
  "Duration": "Instantaneous",
  "Concentration": false,
  "CastingTime": "1 action",
  "Level": "7th-Level",
  "School": "Evocation",
  "Catagory": "Cleric, Druid, Sorcerer"
}