{
  "CardName": "Flame Strike",
  "Description": "<p>A vertical column of divine fire roars down from the heavens in a location you specify. Each creature in a 10-foot-radius, 40-foot-high cylinder centered on a point within Range must make a dexterity saving throw. A creature takes 4d6 fire damage and 4d6 radiant damage on a failed save, or half as much damage on a successful one.</p>",
  "page": "phb 242",
  "Range": "60 feet",
  "Components": "V, S, M",
  "Materials": "Pinch of sulfur.",
  "Ritual": false,
  "Duration": "Instantaneous",
  "Concentration": false,
  "CastingTime": "1 action",
  "Level": "5th-Level",
  "School": "Evocation",
  "Catagory": "Cleric, Paladin, Warlock",
  "AtHigherLevels": "<p>When you cast this spell using a spell slot of 6th Level or higher, the fire damage or the radiant damage (your choice) increases by 1d6 for each slot Level above 5th.</p>",
  "archetype": "Paladin: Devotion<br/> Warlock: Fiend",
  "domains": "Light, War",
  "oaths": "Devotion",
  "patrons": "Fiend"
}