{
  "CardName": "Flame Blade",
  "Description": "<p>You evoke a fiery blade in your free hand. The blade is similar in size and shape to a scimitar, and it lasts for the Duration. If you let go of the blade, it disappears, but you can evoke the blade again as a bonus action.</p><p>You can use your action to make a melee spell attack with the fiery blade. On a hit, the target takes 3d6 fire damage.</p><p>The flaming blade sheds bright light in a 10-foot radius and dim light for an additional 10 feet.</p>",
  "page": "phb 242",
  "Range": "Self",
  "Components": "V, S, M",
  "Materials": "Leaf of sumac.",
  "Ritual": false,
  "Duration": "Up to 10 minutes",
  "Concentration": true,
  "CastingTime": "1 bonus action",
  "Level": "2nd-Level",
  "School": "Evocation",
  "Catagory": "Druid",
  "AtHigherLevels": "<p>When you cast this spell using a spell slot of 4th Level or higher, the damage increases by 1d6 for every two slot Levels above 2nd.</p>"
}