{
  "CardName": "Fog Cloud",
  "Description": "<p>You create a 20-foot-radius sphere of fog centered on a point within Range. The sphere spreads around corners, and its area is heavily obscured. It lasts for the Duration or until a wind of moderate or greater speed (at least 10 miles per hour) disperses it.</p>",
  "page": "phb 243",
  "Range": "120 feet",
  "Components": "V, S",
  "Ritual": false,
  "Duration": "Up to 1 hour",
  "Concentration": true,
  "CastingTime": "1 action",
  "Level": "1st-Level",
  "School": "Conjuration",
  "Catagory": "Cleric, Druid, Ranger, Sorcerer, Wizard",
  "AtHigherLevels": "<p>When you cast this spell using a spell slot of 2nd Level or higher, the radius of the fog increases by 20 feet for each slot Level above 1st.</p>",
  "archetype": "Cleric: Tempest",
  "domains": "Tempest"
}