{
  "CardName": "Foresight",
  "Description": "<p>You touch a willing creature and bestow a limited ability to see into the immediate future. For the Duration, the target can’t be surprised and has advantage on attack rolls, ability checks, and saving throws. Additionally, other creatures have disadvantage on attack rolls against the target for the Duration.</p><p>This spell immediately ends if you cast it again before its Duration ends.</p>",
  "page": "phb 244",
  "Range": "Touch",
  "Components": "V, S, M",
  "Materials": "A hummingbird feather.",
  "Ritual": false,
  "Duration": "8 hours",
  "Concentration": false,
  "CastingTime": "1 minute",
  "Level": "9th-Level",
  "School": "Divination",
  "Catagory": "Bard, Druid, Warlock, Wizard"
}