{
  "CardName": "Freedom of Movement",
  "Description": "<p>You touch a willing creature. For the Duration, the target’s movement is unaffected by difficult terrain, and spells and other magical effects can neither reduce the target’s speed nor cause the target to be paralyzed or restrained.</p><p>The target can also spend 5 feet of movement to automatically escape from nonmagical restraints, such as manacles or a creature that has it grappled. Finally, being underwater imposes no penalties on the target’s movement or attacks.</p>",
  "page": "phb 244",
  "Range": "Touch",
  "Components": "V, S, M",
  "Materials": "A leather strap, bound around the arm or a similar appendage.",
  "Ritual": false,
  "Duration": "1 hour",
  "Concentration": false,
  "CastingTime": "1 action",
  "Level": "4th-Level",
  "School": "Abjuration",
  "Catagory": "Bard, Cleric, Druid, Paladin, Ranger",
  "archetype": "Paladin: Devotion",
  "domains": "War",
  "oaths": "Devotion",
  "circles": "Arctic, Coast, Forest, Grassland, Swamp"
}