{
  "CardName": "Friends",
  "Description": "<p>For the Duration, you have advantage on all Charisma checks directed at one creature of your choice that isn’t hostile toward you. When the spell ends, the creature realizes that you have used magic to influence its mood and becomes hostile toward you. A creature prone to violence might attack you. Another creature might seek retribution in other ways (at the DM’s discretion), depending on the nature of your interaction with it.</p>",
  "page": "phb 244",
  "Range": "Self",
  "Components": "S, M",
  "Materials": "A small amount of makeup applied to the face as this spell is cast.",
  "Ritual": false,
  "Duration": "Up to 1 minute",
  "Concentration": true,
  "CastingTime": "1 action",
  "Level": "Cantrip",
  "School": "Enchantment",
  "Catagory": "Bard, Sorcerer, Warlock, Wizard"
}