{
  "CardName": "Gentle Repose",
  "Description": "<p>You touch a corpse or other remains. For the Duration, the target is protected from decay and can’t become undead.</p><p>The spell also effectively extends the time limit on raising the target from the dead, since days spent under the influence of this spell don’t count against the time limit of spells such as raise dead.</p>",
  "page": "phb 245",
  "Range": "Touch",
  "Components": "V, S, M",
  "Materials": "A pinch of salt and one copper piece placed on each of the corpse’s eyes, which must remain there for the Duration.",
  "Ritual": true,
  "Duration": "10 days",
  "Concentration": false,
  "CastingTime": "1 action",
  "Level": "2nd-Level",
  "School": "Necromancy",
  "Catagory": "Cleric, Ritual Caster, Wizard"
}