{
  "CardName": "Grease",
  "Description": "<p>Slick grease covers the ground in a 10-foot square centered on a point within Range and turns it into difficult terrain for the Duration.</p><p>When the grease appears, each creature standing in its area must succeed on a dexterity saving throw or fall prone. A creature that enters the area or ends its turn there must also succeed on a dexterity saving throw or fall prone.</p>",
  "page": "phb 246",
  "Range": "60 feet",
  "Components": "V, S, M",
  "Materials": "A bit of pork rind or butter.",
  "Ritual": false,
  "Duration": "1 minute",
  "Concentration": false,
  "CastingTime": "1 action",
  "Level": "1st-Level",
  "School": "Conjuration",
  "Catagory": "Wizard"
}