{
  "CardName": "Guidance",
  "Description": "<p>You touch one willing creature. Once before the spell ends, the target can roll a d4 and add the number rolled to one ability check of its choice. It can roll the die before or after making the ability check. The spell then ends.</p>",
  "page": "phb 248",
  "Range": "Touch",
  "Components": "V, S",
  "Ritual": false,
  "Duration": "Up to 1 minute",
  "Concentration": true,
  "CastingTime": "1 action",
  "Level": "Cantrip",
  "School": "Divination",
  "Catagory": "Cleric, Druid"
}