{
  "CardName": "Hail of Thorns",
  "Description": "<p>The next time you hit a creature with a Ranged weapon attack before this spell ends, this spell creates a rain of thorns that sprouts from your Ranged weapon or ammunition. In addition to the normal effects of the attack, the target of the attack and each creature within 5 feet of it must make a dexterity saving throw. A creature takes 1d10 piercing damage on a failed save, or half as much damage on a successful one.</p>",
  "page": "phb 249",
  "Range": "Self",
  "Components": "V",
  "Ritual": false,
  "Duration": "Up to 1 minute",
  "Concentration": true,
  "CastingTime": "1 bonus action",
  "Level": "1st-Level",
  "School": "Conjuration",
  "Catagory": "Ranger",
  "AtHigherLevels": "<p>If you cast this spell using a spell slot of 2nd Level or higher, the damage increases by 1d10 for each slot Level above 1st (to a maximum of 6d10).</p>"
}