{
  "CardName": "Harm",
  "Description": "<p>You unleash a virulent disease on a creature that you can see within Range. The target must make a constitution saving throw. On a failed save, it takes 14d6 necrotic damage, or half as much damage on a successful save. The damage can’t reduce the target’s hit points below 1. If the target fails the saving throw, its hit point maximum is reduced for 1 hour by an amount equal to the necrotic damage it took. Any effect that removes a disease allows a creature’s hit point maximum to return to normal before that time passes.</p>",
  "page": "phb 249",
  "Range": "60 feet",
  "Components": "V, S",
  "Ritual": false,
  "Duration": "Instantaneous",
  "Concentration": false,
  "CastingTime": "1 action",
  "Level": "6th-Level",
  "School": "Necromancy",
  "Catagory": "Cleric"
}