{
  "CardName": "Healing Word",
  "Description": "<p>A creature of your choice that you can see within Range regains hit points equal to 1d4 + your spellcasting ability modifier. This spell has no effect on undead or constructs.</p>",
  "page": "phb 250",
  "Range": "60 feet",
  "Components": "V",
  "Ritual": false,
  "Duration": "Instantaneous",
  "Concentration": false,
  "CastingTime": "1 bonus action",
  "Level": "1st-Level",
  "School": "Evocation",
  "Catagory": "Bard, Cleric, Druid",
  "AtHigherLevels": "<p>When you cast this spell using a spell slot of 2nd Level or higher, the healing increases by 1d4 for each slot Level above 1st.</p>"
}