{
  "CardName": "Heal",
  "Description": "<p>Choose a creature that you can see within Range. A surge of positive energy washes through the creature, causing it to regain 70 hit points. This spell also ends blindness, deafness, and any diseases affecting the target. This spell has no effect on constructs or undead.</p>",
  "page": "phb 250",
  "Range": "60 feet",
  "Components": "V, S",
  "Ritual": false,
  "Duration": "Instantaneous",
  "Concentration": false,
  "CastingTime": "1 action",
  "Level": "6th-Level",
  "School": "Evocation",
  "Catagory": "Cleric, Druid",
  "AtHigherLevels": "<p>When you cast this spell using a spell slot of 7th Level or higher, the amount of healing increases by 10 for each slot Level above 6th.</p>"
}