{
  "CardName": "Hellish Rebuke",
  "Description": "<p>You point your finger, and the creature that damaged you is momentarily surrounded by hellish flames. The creature must make a dexterity saving throw. It takes 2d10 fire damage on a failed save, or half as much damage on a successful one.</p>",
  "page": "phb 250",
  "Range": "60 feet",
  "Components": "V, S",
  "Ritual": false,
  "Duration": "Instantaneous",
  "Concentration": false,
  "CastingTime": "1 reaction",
  "Level": "1st-Level",
  "School": "Evocation",
  "Catagory": "Warlock",
  "AtHigherLevels": "<p>When you cast this spell using a spell slot of 2nd Level or higher, the damage increases by 1d10 for each slot Level above 1st.</p>"
}