{
  "CardName": "Hex",
  "Description": "<p>You place a curse on a creature that you can see within Range. Until the spell ends, you deals an extra 1d6 necrotic damage to the target whenever you hit it with an attack. Also choose one ability when you cast the spell. The target has disadvantage on ability checks made with the chosen ability.</p><p>If the target drops to 0 hit points before this spell ends, you can use a bonus action on a subsequent turn of yours to curse a new creature.</p><p>A remove curse cast on the target ends this spell early.</p>",
  "page": "phb 251",
  "Range": "90 feet",
  "Components": "V, S, M",
  "Materials": "The petrified eye of a newt.",
  "Ritual": false,
  "Duration": "Up to 1 hour",
  "Concentration": true,
  "CastingTime": "1 bonus action",
  "Level": "1st-Level",
  "School": "Enchantment",
  "Catagory": "Warlock",
  "AtHigherLevels": "<p>When you cast this spell using a spell slot of 3rd or 4th Level, you can maintain your Concentration on the spell for up to 8 hours. When you use a spell slot of 5th Level or higher, you can maintain your Concentration on the spell for up to 24 hours.</p>"
}