{
  "CardName": "Holy Aura",
  "Description": "<p>Divine light washes out from you and coalesces in a soft radiance in a 30-foot radius around you. Creatures of your choice in that radius when you cast this spell shed dim light in a 5-foot radius and have advantage on all saving throws, and other creatures have disadvantage on attack rolls against them until the spell ends. In addition, when a fiend or an undead hits an affected creature with a melee attack, the aura flashes with brilliant light. The attacker must succeed on a constitution saving throw or be blinded until the spell ends.</p>",
  "page": "phb 251",
  "Range": "Self",
  "Components": "V, S, M",
  "Materials": "A tiny reliquary worth at least 1,000gp containing a sacred relic, such as a scrap of cloth from a saint’s robe or a piece of parchment from a religious text.",
  "Ritual": false,
  "Duration": "Up to 1 minute",
  "Concentration": true,
  "CastingTime": "1 action",
  "Level": "8th-Level",
  "School": "Abjuration",
  "Catagory": "Cleric"
}