{
  "CardName": "Hypnotic Pattern",
  "Description": "<p>You create a twisting pattern of colors that weaves through the air inside a 30-foot cube within Range. The pattern appears for a moment and vanishes. Each creature in the area who sees the pattern must make a wisdom saving throw. On a failed save, the creature becomes charmed for the Duration. While charmed by this spell, the creature is incapacitated and has a speed of 0.</p><p>The spell ends for an affected creature if it takes any damage or if someone else uses an action to shake the creature out of its stupor.</p>",
  "page": "phb 252",
  "Range": "120 feet",
  "Components": "S, M",
  "Materials": "A glowing stick of incense or a crystal vial filled with phosphorescent Materials.",
  "Ritual": false,
  "Duration": "Up to 1 minute",
  "Concentration": true,
  "CastingTime": "1 action",
  "Level": "3rd-Level",
  "School": "Illusion",
  "Catagory": "Bard, Sorcerer, Warlock, Wizard"
}