{
  "CardName": "Ice Storm",
  "Description": "<p>A hail of rock-hard ice pounds to the ground in a 20-foot-radius, 40-foot-high cylinder centered on a point within Range. Each creature in the cylinder must make a dexterity saving throw. A creature takes 2d8 bludgeoning damage and 4d6 cold damage on a failed save, or half as much damage on a successful one.</p><p>Hailstones turn the storm’s area of effect into difficult terrain until the end of your next turn.</p>",
  "page": "phb 252",
  "Range": "300 feet",
  "Components": "V, S, M",
  "Materials": "A pinch of dust and a few drops of water.",
  "Ritual": false,
  "Duration": "Instantaneous",
  "Concentration": false,
  "CastingTime": "1 action",
  "Level": "4th-Level",
  "School": "Evocation",
  "Catagory": "Cleric, Druid, Paladin, Sorcerer, Wizard",
  "AtHigherLevels": "<p>When you cast this spell using a spell slot of 5th Level or higher, the bludgeoning damage increases by 1d8 for each slot Level above 4th.</p>",
  "archetype": "Cleric: Tempest<br/> Paladin: Ancients",
  "domains": "Tempest",
  "oaths": "Ancients",
  "circles": "Arctic"
}