{
  "CardName": "Illusory Script",
  "Description": "<p>You write on parchment, paper, or some other suitable writing Materials and imbue it with a potent illusion that lasts for the Duration.</p><p>To you and any creatures you designate when you cast the spell, the writing appears normal, written in your hand, and conveys whatever meaning you intended when you wrote the text. To all others, the writing appears as if it were written in an unknown or magical script that is unintelligible. Alternatively, you can cause the writing to appear to be an entirely different message, written in a different hand and language, though the language must be one you know.</p><p>Should the spell be dispelled, the original script and the illusion both disappear.</p><p>A creature with truesight can read the hidden message.</p>",
  "page": "phb 252",
  "Range": "Touch",
  "Components": "S, M",
  "Materials": "A lead-based ink worth at least 10gp, which this spell consumes.",
  "Ritual": true,
  "Duration": "10 days",
  "Concentration": false,
  "CastingTime": "1 minute",
  "Level": "1st-Level",
  "School": "Illusion",
  "Catagory": "Bard, Ritual Caster, Warlock, Wizard"
}