{
  "CardName": "Incendiary Cloud",
  "Description": "<p>A swirling cloud of smoke shot through with white-hot embers appears in a 20-foot-radius sphere centered on a point within Range. The cloud spreads around corners and is heavily obscured. It lasts for the Duration or until a wind of moderate or greater speed (at least 10 miles per hour) disperses it.</p><p>When the cloud appears, each creature in it must make a dexterity saving throw. A creature takes 10d8 fire damage on a failed save, or half as much damage on a successful one. A creature must also make this saving throw when it enters the spell’s area for the first time on a turn or ends its turn there.</p><p>The cloud moves 10 feet directly away from you in a direction that you choose at the start of each of your turns.</p>",
  "page": "phb 253",
  "Range": "150 feet",
  "Components": "V, S",
  "Ritual": false,
  "Duration": "Up to 1 minute",
  "Concentration": true,
  "CastingTime": "1 action",
  "Level": "8th-Level",
  "School": "Conjuration",
  "Catagory": "Sorcerer, Wizard"
}