{
  "CardName": "Insect Plague",
  "Description": "<p>Swarming, biting locusts fill a 20-foot-radius sphere centered on a point you choose within Range. The sphere spreads around corners. The sphere remains for the Duration, and its area is lightly obscured. The sphere's area is difficult terrain.</p><p>When the area appears, each creature in it must make a constitution saving throw. A creature takes 4d10 piercing damage on a failed save, or half as much damage on a successful one. A creature must also make this saving throw when it enters the spell's area for the first time on a turn or ends its turn there.</p>",
  "page": "phb 254",
  "Range": "300 feet",
  "Components": "V, S, M",
  "Materials": "A few grains of sugar, some kernels of grain, and a smear of fat.",
  "Ritual": false,
  "Duration": "Up to 10 minutes",
  "Concentration": true,
  "CastingTime": "1 action",
  "Level": "5th-Level",
  "School": "Conjuration",
  "Catagory": "Cleric, Druid, Sorcerer",
  "AtHigherLevels": "<p>When you cast this spell using a spell slot of 6th Level or higher, the damage increases by 1d10 for each slot Level above 5th.</p>",
  "domains": "Nature, Tempest",
  "circles": "Desert, Grassland, Swamp, Underdark"
}