{
  "CardName": "Investiture of Flame",
  "Description": "<p>Flames race across your body, shedding bright light in a 30-foot radius and dim light for an additional 30 feet for the spell's Duration. The flames don't harm you. Until the spell ends, you gain the following benefits:</p><p>- You are immune to fire damage and have resistance to cold damage.</p><p>- Any creature that moves within 5 feet of you for the first time on a turn or ends its turn there takes 1d10 fire damage.</p><p>- You can use your action to create a line of fire 15 feet long and 5 feet wide extending from you in a direction you choose. Each creature in the line must make a Dexterity saving throw. A creature takes 4d8 fire damage on a failed save, or half as much damage on a successful one.</p>",
  "page": "ee pc 19",
  "Range": "Self",
  "Components": "V, S",
  "Ritual": false,
  "Duration": "Up to 10 minutes",
  "Concentration": true,
  "CastingTime": "1 action",
  "Level": "6th-Level",
  "School": "Transmutation",
  "Catagory": "Druid, Sorcerer, Warlock, Wizard"
}