{
  "CardName": "Invisibility",
  "Description": "<p>A creature you touch becomes invisible until the spell ends. Anything the target is wearing or carrying is invisible as long as it is on the target’s person. The spell ends for a target that attacks or casts a spell.</p>",
  "page": "phb 254",
  "Range": "Touch",
  "Components": "V, S, M",
  "Materials": "An eyelash encased in gum arabic.",
  "Ritual": false,
  "Duration": "Up to 1 hour",
  "Concentration": true,
  "CastingTime": "1 action",
  "Level": "2nd-Level",
  "School": "Illusion",
  "Catagory": "Bard, Druid, Sorcerer, Warlock, Wizard",
  "AtHigherLevels": "<p>When you cast this spell using a spell slot of 3rd Level or higher, you can target one additional creature for each slot Level above 2nd.</p>",
  "archetype": "Druid: Grassland",
  "circles": "Grassland"
}