{
  "CardName": "Lightning Arrow",
  "Description": "<p>The next time you make a Ranged weapon attack during the spell’s Duration, the weapon’s ammunition, or the weapon itself if it’s a thrown weapon, transforms into a bolt of lightning. Make the attack roll as normal. The target takes 4d8 lightning damage on a hit, or half as much damage on a miss, instead of the weapon’s normal damage.</p><p>Whether you hit or miss, each creature within 10 feet of the target must make a dexterity saving throw. Each of these creatures takes 2d8 lightning damage on a failed save, or half as much damage on a successful one.</p><p>The piece of ammunition or weapon then returns to its normal form.</p>",
  "page": "phb 255",
  "Range": "Self",
  "Components": "V, S",
  "Ritual": false,
  "Duration": "Up to 1 minute",
  "Concentration": true,
  "CastingTime": "1 bonus action",
  "Level": "3rd-Level",
  "School": "Transmutation",
  "Catagory": "Ranger",
  "AtHigherLevels": "<p>When you cast this spell using a spell slot of 4th Level or higher, the damage for both effects of the spell increases by 1d8 for each slot Level above 3rd.</p>"
}