{
  "CardName": "Locate Object",
  "Description": "<p>Descriptionribe or CardName an object that is familiar to you. You sense the direction to the object’s location, as long as that object is within 1,000 feet of you. If the object is in motion, you know the direction of its movement.</p><p>The spell can locate a specific object known to you, as long as you have seen it up close—within 30 feet—at least once. Alternatively, the spell can locate the nearest object of a particular kind, such as a certain kind of apparel, jewelry, furniture, tool, or weapon.</p><p>This spell can’t locate an object if any thickness of lead, even a thin sheet, blocks a direct path between you and the object.</p>",
  "page": "phb 256",
  "Range": "Self",
  "Components": "V, S, M",
  "Materials": "A forked twig.",
  "Ritual": false,
  "Duration": "Up to 10 minutes",
  "Concentration": true,
  "CastingTime": "1 action",
  "Level": "2nd-Level",
  "School": "Divination",
  "Catagory": "Bard, Cleric, Druid, Paladin, Ranger, Wizard"
}