{
  "CardName": "Mage Armor",
  "Description": "<p>You touch a willing creature who isn’t wearing armor, and a protective magical force surrounds it until the spell ends. The target’s base AC becomes 13 + its Dexterity modifier. The spell ends if the target dons armor or if you dismiss the spell as an action.</p>",
  "page": "phb 256",
  "Range": "Touch",
  "Components": "V, S, M",
  "Materials": "A piece of cured leather.",
  "Ritual": false,
  "Duration": "8 hours",
  "Concentration": false,
  "CastingTime": "1 action",
  "Level": "1st-Level",
  "School": "Abjuration",
  "Catagory": "Sorcerer, Wizard"
}