{
  "CardName": "Magic Mouth",
  "Description": "<p>You plant a message to an object in the Range of the spell. The message is verbalized when the trigger conditions are met. Choose an object that you see, and that is not worn or carried by another creature. Then say the message, which should not exceed 25 words but listening can take up to 10 minutes. Finally, establish the circumstances that trigger the spell to deliver your message.</p><p>When these conditions are satisfied, a magical mouth appears on the object and it articulates the message imitating your voice, the same tone used during implantation of the message. If the selected object has a mouth or something that approaches such as the mouth of a statue, the magic mouth come alive at this point, giving the illusion that the words come from the mouth of the object.</p><p>When you cast this spell, you may decide that the spell ends when the message is delivered or it can persist and repeat the message whenever circumstances occur.</p><p>The triggering circumstance can be as general or as detailed as you like, though it must be based on visual or audible conditions that occur within 30 feet of the object. For example, you could instruct the mouth to speak when any creature moves within 30 feet of the object or when a silver bell rings within 30 feet of it.</p>",
  "page": "phb 257",
  "Range": "30 feet",
  "Components": "V, S, M",
  "Materials": "A honeycomb and jade dust of at least 10 inches, the spell consumes.",
  "Ritual": true,
  "Duration": "Until dispelled",
  "Concentration": false,
  "CastingTime": "1 minute",
  "Level": "2nd-Level",
  "School": "Illusion",
  "Catagory": "Bard, Ritual Caster, Wizard"
}