{
  "CardName": "Magic Weapon",
  "Description": "<p>You touch a nonmagical weapon. Until the spell ends, that weapon becomes a magic weapon with a +1 bonus to attack rolls and damage rolls.</p>",
  "page": "phb 257",
  "Range": "Touch",
  "Components": "V, S",
  "Ritual": false,
  "Duration": "Up to 1 hour",
  "Concentration": true,
  "CastingTime": "1 bonus action",
  "Level": "2nd-Level",
  "School": "Transmutation",
  "Catagory": "Cleric, Paladin, Wizard",
  "AtHigherLevels": "<p>When you cast this spell using a spell slot of 4th Level or higher, the bonus increases to +2. When you use a spell slot of 6th Level or higher, the bonus increases to +3.</p>",
  "archetype": "Cleric: War",
  "domains": "War"
}