{
  "CardName": "Magic Circle",
  "Description": "<p>Choose one or more of the following types of creatures: celestials, elementals, fey, fiends, or undead. The circle affects a creature of the chosen type in the following ways:</p><p>- The creature can’t willingly enter the cylinder by nonmagical means. If the creature tries to use teleportation or interplanar travel to do so, it must first succeed on a charisma saving throw.</p><p>- The creature has disadvantage on attack rolls against targets within the cylinder.</p><p>- Targets within the cylinder can’t be charmed, frightened, or possessed by the creature.</p><p>When you cast this spell, you can elect to cause its magic to operate in the reverse direction, preventing a creature of the specified type from leaving the cylinder and protecting targets outside it.</p>",
  "page": "phb 256",
  "Range": "10 feet",
  "Components": "V, S, M",
  "Materials": "Holy water or powdered silver and iron worth at least 100 gp, which the spell consumes.",
  "Ritual": false,
  "Duration": "1 hour",
  "Concentration": false,
  "CastingTime": "1 minute",
  "Level": "3rd-Level",
  "School": "Abjuration",
  "Catagory": "Cleric, Paladin, Warlock, Wizard",
  "AtHigherLevels": "<p>When you cast this spell using a spell slot of 4th Level or higher, the Duration increases by 1 hour for each slot Level above 3rd.</p>"
}