{
  "CardName": "Mass Healing Word",
  "Description": "<p>As you call out words of restoration, up to six creatures of your choice that you can see within Range regain hit points equal to 1d4 + your spellcasting ability modifier. This spell has no effect on undead or constructs.</p>",
  "page": "phb 258",
  "Range": "60 feet",
  "Components": "V",
  "Ritual": false,
  "Duration": "Instantaneous",
  "Concentration": false,
  "CastingTime": "1 bonus action",
  "Level": "3rd-Level",
  "School": "Evocation",
  "Catagory": "Cleric",
  "AtHigherLevels": "<p>When you cast this spell using a spell slot of 4th Level or higher, the healing increases by 1d4 for each slot Level above 3rd.</p>"
}