{
  "CardName": "Mass Cure Wounds",
  "Description": "<p>A wave of healing energy washes out from a point of your choice within Range. Choose up to six creatures in a 30-foot-radius sphere centered on that point. Each target regains hit points equal to 3d8 + your spellcasting ability modifier. This spell has no effect on undead or constructs.</p>",
  "page": "phb 258",
  "Range": "60 feet",
  "Components": "V, S",
  "Ritual": false,
  "Duration": "Instantaneous",
  "Concentration": false,
  "CastingTime": "1 action",
  "Level": "5th-Level",
  "School": "Conjuration",
  "Catagory": "Bard, Cleric, Druid",
  "AtHigherLevels": "<p>When you cast this spell using a spell slot of 6th Level or higher, the healing increases by 1d8 for each slot Level above 5th.</p>",
  "domains": "Life"
}