{
  "CardName": "Mass Suggestion",
  "Description": "<p>You suggest a course of activity (limited to a sentence or two) and magically influence up to twelve creatures of your choice that you can see within Range and that can hear and understand you. Creatures that can’t be charmed are immune to this effect. The suggestion must be worded in such a manner as to make the course of action sound reasonable. Asking the creature to stab itself, throw itself onto a spear, immolate itself, or do some other obviously harmful act automatically negates the effect of the spell.</p><p>Each target must make a wisdom saving throw. On a failed save, it pursues the course of action you Descriptionribed to the best of its ability. The suggested course of action can continue for the entire Duration. If the suggested activity can be completed in a shorter time, the spell ends when the subject finishes what it was asked to do.</p><p>You can also specify conditions that will trigger a special activity during the Duration. For example, you might suggest that a group of soldiers give all their money to the first beggar they meet. If the condition isn’t met before the spell ends, the activity isn’t performed.</p><p>If you or any of your companions damage a creature affected by this spell, the spell ends for that creature.</p>",
  "page": "phb 258",
  "Range": "60 feet",
  "Components": "V, M",
  "Materials": "A snake’s tongue and either a bit of honeycomb or a drop of sweet oil.",
  "Ritual": false,
  "Duration": "24 hours",
  "Concentration": false,
  "CastingTime": "1 action",
  "Level": "6th-Level",
  "School": "Enchantment",
  "Catagory": "Bard, Sorcerer, Warlock, Wizard",
  "AtHigherLevels": "<p>When you cast this spell using a 7th-Level spell slot, the Duration is 10 days. When you use an 8th-Level spell slot, the Duration is 30 days. When you use a 9th-Level spell slot, the Duration is a year and a day.</p>"
}