{
  "CardName": "Melf's Minute Meteors",
  "Description": "<p>You create six tiny meteors in your space. They float in the air and orbit you for the spell's Duration. When you cast the spell - and as a bonus action on each of your turns thereafter-you can expend one or two of the meteors, sending them streaking toward a point or points you choose within 120 feet of you. Once a meteor reaches its destination or impacts against a solid surface, the meteor explodes. Each creature within 5 feet of the point where the meteor explodes must make a Dexterity saving throw. A creature takes 2d6 fire damage on a failed save, or half as much damage on a successful one.</p>",
  "page": "ee pc 20",
  "Range": "Self",
  "Components": "V, S, M",
  "Materials": "Niter, sulfur, and pine tar formed into a bead.",
  "Ritual": false,
  "Duration": "Up to 10 minutes",
  "Concentration": true,
  "CastingTime": "1 action",
  "Level": "3rd-Level",
  "School": "Transmutation",
  "Catagory": "Sorcerer, Wizard",
  "AtHigherLevels": "<p>When you cast this spell using a spell slot of 4th Level or higher, the number of meteors created increases by two for each slot Level above 3rd.</p>"
}