{
  "CardName": "Mending",
  "Description": "<p>This spell repairs a single break or tear in an object you touch, such as a broken key, a torn cloak, or a leaking wineskin. As long as the break or tear is no longer than 1 foot in any dimension, you mend it, leaving no trace of the former damage.</p><p>This spell can physically repair a magic item or construct, but the spell can’t restore magic to such an object.</p>",
  "page": "phb 259",
  "Range": "Touch",
  "Components": "V, S, M",
  "Materials": "Two lodestones.",
  "Ritual": false,
  "Duration": "Instantaneous",
  "Concentration": false,
  "CastingTime": "1 minute",
  "Level": "Cantrip",
  "School": "Transmutation",
  "Catagory": "Cleric, Bard, Druid, Sorcerer, Wizard"
}