{
  "CardName": "Meteor Swarm",
  "Description": "<p>Blazing orbs of fire plummet to the ground at four different points you can see within Range. Each creature in a 40-foot-radius sphere centered on each point you choose must make a dexterity saving throw. The sphere spreads around corners. A creature takes 20d6 fire damage and 20d6 bludgeoning damage on a failed save, or half as much damage on a successful one. A creature in the area of more than one fiery burst is affected only once.</p><p>The spell damages objects in the area and ignites flammable objects that aren’t being worn or carried.</p>",
  "page": "phb 259",
  "Range": "1 mile",
  "Components": "V, S",
  "Ritual": false,
  "Duration": "Instantaneous",
  "Concentration": false,
  "CastingTime": "1 action",
  "Level": "9th-Level",
  "School": "Evocation",
  "Catagory": "Sorcerer, Wizard"
}