{
  "CardName": "Moonbeam",
  "Description": "<p>A silvery beam of pale light shines down in a 5-footradius, 40-foot-high cylinder centered on a point within Range. Until the spell ends, dim light fills the cylinder.</p><p>When a creature enters the spell’s area for the first time on a turn or starts its turn there, it is engulfed in ghostly flames that cause searing pain, and it must make a constitution saving throw. It takes 2d10 radiant damage on a failed save, or half as much damage on a successful one.</p><p>A shapechanger makes its saving throw with disadvantage. If it fails, it also instantly reverts to its original form and can’t assume a different form until it leaves the spell’s light.</p><p>On each of your turns after you cast this spell, you can use an action to move the beam 60 feet in any direction.</p>",
  "page": "phb 261",
  "Range": "120 feet",
  "Components": "V, S, M",
  "Materials": "Several seeds of any moonseed plant and a piece of opalescent feldspar.",
  "Ritual": false,
  "Duration": "Up to 1 minute",
  "Concentration": true,
  "CastingTime": "1 action",
  "Level": "2nd-Level",
  "School": "Evocation",
  "Catagory": "Druid, Paladin",
  "AtHigherLevels": "<p>When you cast this spell using a spell slot of 3rd Level or higher, the damage increases by 1dlO for each slot Level above 2nd.</p>",
  "archetype": "Paladin: Ancients",
  "oaths": "Ancients"
}