{
  "CardName": "Mordenkainen's Faithful Hound",
  "Description": "<p>You create a sword-shaped plane of force that hovers within Range. It lasts for the Duration.</p><p>When the sword appears, you make a melee spell attack against a target of your choice within 5 feet of the sword. On a hit, the target takes 3d10 force damage. Until the spell ends, you can use a bonus action on each of your turns to move the sword up to 20 feet to a spot you can see and repeat this attack against the same target or a different one.</p>",
  "page": "phb 261",
  "Range": "30 feet",
  "Components": "V, S, M",
  "Materials": "A miniature platinum sword with a grip and pommel of copper and zinc, worth 250gp.",
  "Ritual": false,
  "Duration": "8 hours",
  "Concentration": false,
  "CastingTime": "1 action",
  "Level": "4th-Level",
  "School": "Conjuration",
  "Catagory": "Wizard"
}