{
  "CardName": "Otiluke's Resilient Sphere",
  "Description": "<p>A sphere of shimmering force encloses a creature or object of Large size or smaller within Range. An unwilling creature must make a dexterity saving throw. On a failed save, the creature is enclosed for the Duration.</p><p>Nothing—not physical objects, energy, or other spell effects—can pass through the barrier, in or out, though a creature in the sphere can breathe there. The sphere is immune to all damage, and a creature or object inside can’t be damaged by attacks or effects originating from outside, nor can a creature inside the sphere damage anything outside it.</p><p>The sphere is weightless and just large enough to contain the creature or object inside. An enclosed creature can use its action to push against the sphere’s walls and thus roll the sphere at up to half the creature’s speed. Similarly, the globe can be picked up and moved by other creatures.</p><p>A disintegrate spell targeting the globe destroys it without harming anything inside it.</p>",
  "page": "phb 264",
  "Range": "30 feet",
  "Components": "V, S, M",
  "Materials": "A hemispherical piece of clear crystal and a matching hemispherical piece of gum arabic.",
  "Ritual": false,
  "Duration": "Up to 1 minute",
  "Concentration": true,
  "CastingTime": "1 action",
  "Level": "4th-Level",
  "School": "Evocation",
  "Catagory": "Wizard"
}