{
  "CardName": "Otto's Irresistible Dance",
  "Description": "<p>Choose one creature that you can see within Range. The target begins a comic dance in place: shuffling, tapping its feet, and capering for the Duration. Creatures that can’t be charmed are immune to this spell.</p><p>A dancing creature must use all its movement to dance without leaving its space and has disadvantage on dexterity saving throws and attack rolls. While the target is affected by this spell, other creatures have advantage on attack rolls against it. As an action, a dancing creature makes a wisdom saving throw to regain control of itself. On a successful save, the spell ends.</p>",
  "page": "phb 264",
  "Range": "30 feet",
  "Components": "V",
  "Ritual": false,
  "Duration": "Up to 1 minute",
  "Concentration": true,
  "CastingTime": "1 action",
  "Level": "6th-Level",
  "School": "Enchantment",
  "Catagory": "Bard, Wizard"
}