{
  "CardName": "Passwall",
  "Description": "<p>A passage appears at a point of your choice that you can see on a wooden, plaster, or stone surface (such as a wall, a ceiling, or a floor) within Range, and lasts for the Duration. You choose the opening’s dimensions: up to 5 feet wide, 8 feet tall, and 20 feet deep. The passage creates no instability in a structure surrounding it.</p><p>When the opening disappears, any creatures or objects still in the passage created by the spell are safely ejected to an unoccupied space nearest to the surface on which you cast the spell.</p>",
  "page": "phb 264",
  "Range": "30 feet",
  "Components": "V, S, M",
  "Materials": "A pinch of sesame seeds.",
  "Ritual": false,
  "Duration": "1 hour",
  "Concentration": false,
  "CastingTime": "1 action",
  "Level": "5th-Level",
  "School": "Transmutation",
  "Catagory": "Druid, Wizard",
  "archetype": "Druid: Mountain",
  "circles": "Mountain"
}