{
  "CardName": "Power Word Stun",
  "Description": "<p>You speak a word of power that can overwhelm the mind of one creature you can see within Range, leaving it dumbfounded. If the target has 150 hit points or fewer, it is stunned. Otherwise, the spell has no effect.</p><p>The stunned target must make a constitution saving throw at the end of each of its turns. On a successful save, this stunning effect ends.</p>",
  "page": "phb 267",
  "Range": "60 feet",
  "Components": "V",
  "Ritual": false,
  "Duration": "Instantaneous",
  "Concentration": false,
  "CastingTime": "1 action",
  "Level": "8th-Level",
  "School": "Enchantment",
  "Catagory": "Bard, Sorcerer, Warlock, Wizard"
}