{
  "CardName": "Power Word Kill",
  "Description": "<p>You utter a word of power that can compel one creature you can see within Range to die instantly. If the creature you choose has 100 hit points or fewer, it dies. Otherwise, the spell has no effect.</p>",
  "page": "phb 266",
  "Range": "60 feet",
  "Components": "V",
  "Ritual": false,
  "Duration": "Instantaneous",
  "Concentration": false,
  "CastingTime": "1 action",
  "Level": "9th-Level",
  "School": "Enchantment",
  "Catagory": "Bard, Sorcerer, Warlock, Wizard"
}