{
  "CardName": "Prayer of Healing",
  "Description": "<p>Up to six creatures of your choice that you can see within Range each regain hit points equal to 2d8 + your spellcasting ability modifier. This spell has no effect on undead or constructs.</p>",
  "page": "phb 267",
  "Range": "30 feet",
  "Components": "V",
  "Ritual": false,
  "Duration": "Instantaneous",
  "Concentration": false,
  "CastingTime": "10 minutes",
  "Level": "2nd-Level",
  "School": "Evocation",
  "Catagory": "Cleric",
  "AtHigherLevels": "<p>When you cast this spell using a spell slot of 3rd Level or higher, the healing increases by 1d8 for each slot Level above 2nd.</p>"
}