{
  "CardName": "Pyrotechnics",
  "Description": "<p>Choose an area of flame that you can see and that can fit within a 5-foot cube within Range. You can extinguish the fire in that area, and you create either fireworks or smoke.</p><p>Fireworks. The target explodes with a dazzling display of colors. Each creature within 10 feet of the target must succeed on a Constitution saving throw or become blinded until the end of your next turn.</p><p>Smoke. Thick black smoke spreads out from the target in a 20-foot radius, moving around corners. The area of the smoke is heavily obscured. The smoke persists for 1 minute or until a strong wind disperses it.</p>",
  "page": "ee pc 21",
  "Range": "60 feet",
  "Components": "V, S",
  "Ritual": false,
  "Duration": "Instantaneous",
  "Concentration": false,
  "CastingTime": "1 action",
  "Level": "2nd-Level",
  "School": "Transmutation",
  "Catagory": "Bard, Sorcerer, Wizard"
}