{
  "CardName": "Rary's Telepathic Bond",
  "Description": "<p>You forge a telepathic link among up to eight willing creatures of your choice within Range, psychically linking each creature to all the others for the Duration. Creatures with Intelligence scores of 2 or less aren’t affected by this spell.</p><p>Until the spell ends, the targets can communicate telepathically through the bond whether or not they have a common language. The communication is possible over any distance, though it can’t extend to other planes of existence.</p>",
  "page": "phb 270",
  "Range": "30 feet",
  "Components": "V, S, M",
  "Materials": "Pieces of eggshell from two different kinds of creatures.",
  "Ritual": true,
  "Duration": "1 hour",
  "Concentration": false,
  "CastingTime": "1 action",
  "Level": "5th-Level",
  "School": "Divination",
  "Catagory": "Ritual Caster, Wizard"
}