{
  "CardName": "Ray of Frost",
  "Description": "<p>A frigid beam of blue-white light streaks toward a creature within Range. Make a Ranged spell attack against the target. On a hit, it takes 1d8 cold damage, and its speed is reduced by 10 feet until the start of your next turn.</p><p>The spell’s damage increases by 1d8 when you reach 5th Level (2d8), 11th Level (3d8), and 17th Level (4d8).</p>",
  "page": "phb 271",
  "Range": "60 feet",
  "Components": "V, S",
  "Ritual": false,
  "Duration": "Instantaneous",
  "Concentration": false,
  "CastingTime": "1 action",
  "Level": "Cantrip",
  "School": "Evocation",
  "Catagory": "Sorcerer, Wizard"
}