{
  "CardName": "Ray of Enfeeblement",
  "Description": "<p>A black beam of enervating energy springs from your finger toward a creature within Range. Make a Ranged spell attack against the target. On a hit, the target deals only half damage with weapon attacks that use Strength until the spell ends.</p><p>At the end of each of the target’s turns, it can make a constitution saving throw against the spell. On a success, the spell ends.</p>",
  "page": "phb 271",
  "Range": "60 feet",
  "Components": "V, S",
  "Ritual": false,
  "Duration": "Up to 1 minute",
  "Concentration": true,
  "CastingTime": "1 action",
  "Level": "2nd-Level",
  "School": "Necromancy",
  "Catagory": "Warlock, Wizard"
}