{
  "CardName": "Regenerate",
  "Description": "<p>You touch a creature and stimulate its natural healing ability. The target regains 4d8 + 15 hit points. For the Duration of the spell, the target regains 1 hit point at the start of each of its turns (10 hit points each minute).</p><p>The target’s severed body members (fingers, legs, tails, and so on), if any, are restored after 2 minutes. If you have the severed part and hold it to the stump, the spell instantaneously causes the limb to knit to the stump.</p>",
  "page": "phb 271",
  "Range": "Touch",
  "Components": "V, S, M",
  "Materials": "A prayer wheel and holy water.",
  "Ritual": false,
  "Duration": "1 hour",
  "Concentration": false,
  "CastingTime": "1 minute",
  "Level": "7th-Level",
  "School": "Transmutation",
  "Catagory": "Bard, Cleric, Druid"
}