{
  "CardName": "Revivify",
  "Description": "<p>You touch a creature that has died within the last minute. That creature returns to life with 1 hit point. This spell can’t return to life a creature that has died of old age, nor can it restore any missing body parts.</p>",
  "page": "phb 272",
  "Range": "Touch",
  "Components": "V, S, M",
  "Materials": "Diamonds worth 300gp, which the spell consumes.",
  "Ritual": false,
  "Duration": "Instantaneous",
  "Concentration": false,
  "CastingTime": "1 action",
  "Level": "3rd-Level",
  "School": "Conjuration",
  "Catagory": "Cleric, Paladin",
  "domains": "Life"
}