{
  "CardName": "Sacred Flame",
  "Description": "<p>Flame-like radiance Descriptionends on a creature that you can see within Range. The target must succeed on a dexterity saving throw or take 1d8 radiant damage. The target gains no benefit from cover for this saving throw.</p><p>The spell’s damage increases by 1d8 when you reach 5th Level (2d8), 11th Level (3d8), and 17th Level (4d8).</p>",
  "page": "phb 272",
  "Range": "60 feet",
  "Components": "V, S",
  "Ritual": false,
  "Duration": "Instantaneous",
  "Concentration": false,
  "CastingTime": "1 action",
  "Level": "Cantrip",
  "School": "Evocation",
  "Catagory": "Cleric"
}