{
  "CardName": "Searing Smite",
  "Description": "<p>The next time you hit a creature with a melee weapon attack during the spell’s Duration, your weapon flares with white-hot intensity, and the attack deals an extra 1d6 fire damage to the target and causes the target to ignite in flames. At the start of each of its turns until the spell ends, the target must make a constitution saving throw. On a failed save, it takes 1d6 fire damage. On a successful save, the spell ends. If the target or a creature within 5 feet of it uses an action to put out the flames, or if some other effect douses the flames (such as the target being submerged in water), the spell ends.</p>",
  "page": "phb 274",
  "Range": "Self",
  "Components": "V",
  "Ritual": false,
  "Duration": "Up to 1 minute",
  "Concentration": true,
  "CastingTime": "1 bonus action",
  "Level": "1st-Level",
  "School": "Evocation",
  "Catagory": "Paladin",
  "AtHigherLevels": "<p>When you cast this spell using a spell slot of 2nd Level or higher, the initial extra damage dealt by the attack increases by 1d6 for each slot Level above 1st.</p>"
}