{
  "CardName": "Sequester",
  "Description": "<p>By means of this spell, a willing creature or an object can be hidden away, safe from detection for the Duration. When you cast the spell and touch the target, it becomes invisible and can’t be targeted by divination spells or perceived through scrying sensors created by divination spells.</p><p>If the target is a creature, it falls into a state of suspended animation. Time ceases to flow for it, and it doesn’t grow older.</p><p>You can set a condition for the spell to end early. The condition can be anything you choose, but it must occur or be visible within 1 mile of the target. Examples include “after 1,000 years” or “when the tarrasque awakens.” This spell also ends if the target takes any damage.</p>",
  "page": "phb 274",
  "Range": "Touch",
  "Components": "V, S, M",
  "Materials": "A powder composed of diamond, emerald, ruby, and sapphire dust worth at least 5,000 gp, which the spell consumes.",
  "Ritual": false,
  "Duration": "Until dispelled",
  "Concentration": false,
  "CastingTime": "1 action",
  "Level": "7th-Level",
  "School": "Transmutation",
  "Catagory": "Wizard"
}