{
  "CardName": "Shillelagh",
  "Description": "<p>The wood of a club or a quarterstaff you are holding is imbued with nature’s power. For the Duration, you can use your spellcasting ability instead of Strength for the attack and damage rolls of melee attacks using that weapon, and the weapon’s damage die becomes a d8. The weapon also becomes magical, if it isn’t already. The spell ends if you cast it again or if you let go of the weapon.</p>",
  "page": "phb 275",
  "Range": "Touch",
  "Components": "V, S, M",
  "Materials": "Mistletoe, a shamrock leaf, and a club or quarterstaff.",
  "Ritual": false,
  "Duration": "1 minute",
  "Concentration": false,
  "CastingTime": "1 bonus action",
  "Level": "Cantrip",
  "School": "Transmutation",
  "Catagory": "Druid"
}