{
  "CardName": "Sleet Storm",
  "Description": "<p>Until the spell ends, freezing rain and sleet fall in a 20-foot-tall cylinder with a 40-foot radius centered on a point you choose within Range. The area is heavily obscured, and exposed flames in the area are doused.</p><p>The ground in the area is covered with slick ice, making it difficult terrain. When a creature enters the spell’s area for the first time on a turn or starts its turn there, it must make a dexterity saving throw. On a failed save, it falls prone.</p><p>If a creature is concentrating in the spell’s area, the creature must make a successful constitution saving throw against your spell save DC or lose Concentration.</p>",
  "page": "phb 276",
  "Range": "150 feet",
  "Components": "V, S, M",
  "Materials": "A pinch of dust and a few drops of water.",
  "Ritual": false,
  "Duration": "Up to 1 minute",
  "Concentration": true,
  "CastingTime": "1 action",
  "Level": "3rd-Level",
  "School": "Conjuration",
  "Catagory": "Cleric, Druid, Sorcerer, Wizard",
  "archetype": "Cleric: Tempest",
  "domains": "Tempest",
  "circles": "Arctic"
}