{
  "CardName": "Snilloc's Snowball Swarm",
  "Description": "<p>A flurry of magic snowballs erupts from a point you choose within Range. Each creature in a 5-foot-radius sphere centered on that point must make a Dexterity saving throw. A creature takes 3d6 cold damage on a failed save, or half as much damage on a successful one.</p>",
  "page": "ee pc 22",
  "Range": "90 feet",
  "Components": "V, S, M",
  "Materials": "A piece of ice or a small white rock chip.",
  "Ritual": false,
  "Duration": "Up to 1 hour",
  "Concentration": true,
  "CastingTime": "1 action",
  "Level": "2nd-Level",
  "School": "Evocation",
  "Catagory": "Sorcerer, Wizard",
  "AtHigherLevels": "<p>When you cast this spell using a spell slot of 3rd Level or higher, the damage increases by 1d6 for each slot Level above 2nd.</p>"
}