{
  "CardName": "Spider Climb",
  "Description": "<p>Until the spell ends, one willing creature you touch gains the ability to move up, down, and across vertical surfaces and upside down along ceilings, while leaving its hands free. The target also gains a climbing speed equal to its walking speed.</p>",
  "page": "phb 277",
  "Range": "Touch",
  "Components": "V, S, M",
  "Materials": "A drop of bitumen and a spider.",
  "Ritual": false,
  "Duration": "Up to 1 hour",
  "Concentration": true,
  "CastingTime": "1 action",
  "Level": "2nd-Level",
  "School": "Transmutation",
  "Catagory": "Druid, Sorcerer, Warlock, Wizard",
  "archetype": "Druid: Forest, Mountain, Underdark",
  "circles": "Forest, Mountain, Underdark"
}