{
  "CardName": "SpiRitual Weapon",
  "Description": "<p>You create a floating, spectral weapon within Range that lasts for the Duration or until you cast this spell again. When you cast the spell, you can make a melee spell attack against a creature within 5 feet of the weapon. On a hit, the target takes force damage equal to 1d8 + your spellcasting ability modifier.</p><p>As a bonus action on your turn, you can move the weapon up to 20 feet and repeat the attack against a creature within 5 feet of it.</p><p>The weapon can take whatever form you choose. Clerics of deities who are associated with a particular weapon (as St. Cuthbert is known for his mace and Thor for his hammer) make this spell’s effect resemble that weapon.</p>",
  "page": "phb 278",
  "Range": "60 feet",
  "Components": "V, S",
  "Ritual": false,
  "Duration": "1 minute",
  "Concentration": false,
  "CastingTime": "1 bonus action",
  "Level": "2nd-Level",
  "School": "Evocation",
  "Catagory": "Cleric",
  "AtHigherLevels": "<p>When you cast this spell using a spell slot of 3rd Level or higher, the damage increases by 1d8 for every two slot Levels above the 2nd.</p>",
  "domains": "Life, War"
}