{
  "CardName": "Stinking Cloud",
  "Description": "<p>You create a 20-foot-radius sphere of yellow, nauseating gas centered on a point within Range. The cloud spreads around corners, and its area is heavily obscured. The cloud lingers in the air for the Duration.</p><p>Each creature that is completely within the cloud at the start of its turn must make a constitution saving throw against poison. On a failed save, the creature spends its action that turn retching and reeling. Creatures that don’t need to breathe or are immune to poison automatically succeed on this saving throw.</p><p>A moderate wind (at least 10 miles per hour) disperses the cloud after 4 rounds. A strong wind (at least 20 miles per hour) disperses it after 1 round.</p>",
  "page": "phb 278",
  "Range": "90 feet",
  "Components": "V, S, M",
  "Materials": "A rotten egg or several skunk cabbage leaves.",
  "Ritual": false,
  "Duration": "Up to 1 minute",
  "Concentration": true,
  "CastingTime": "1 action",
  "Level": "3rd-Level",
  "School": "Conjuration",
  "Catagory": "Bard, Druid, Sorcerer, Warlock, Wizard",
  "archetype": "Druid: Swamp, Underdark<br/> Warlock: Fiend",
  "circles": "Swamp, Underdark",
  "patrons": "Fiend"
}