{
  "CardName": "Sunburst",
  "Description": "<p>Brilliant sunlight flashes in a 60-foot radius centered on a point you choose within Range. Each creature in that light must make a constitution saving throw. On a failed save, a creature takes 12d6 radiant damage and is blinded for 1 minute. On a successful save, it takes half as much damage and isn’t blinded by this spell. Undead and oozes have disadvantage on this saving throw.</p><p>A creature blinded by this spell makes another constitution saving throw at the end of each of its turns. On a successful save, it is no longer blinded.</p><p>This spell dispels any darkness in its area that was created by a spell.</p>",
  "page": "phb 279",
  "Range": "150 feet",
  "Components": "V, S, M",
  "Materials": "Fire and a piece of sunstone.",
  "Ritual": false,
  "Duration": "Instantaneous",
  "Concentration": false,
  "CastingTime": "1 action",
  "Level": "8th-Level",
  "School": "Evocation",
  "Catagory": "Druid, Sorcerer, Wizard"
}