{
  "CardName": "Swift Quiver",
  "Description": "<p>You transmute your quiver so it produces an endless supply of nonmagical ammunition, which seems to leap into your hand when you reach for it.</p><p>On each of your turns until the spell ends, you can use a bonus action to make two attacks with a weapon that uses ammunition from the quiver. Each time you make such a Ranged attack, your quiver magically replaces the piece of ammunition you used with a similar piece of nonmagical ammunition. Any pieces of ammunition created by this spell disintegrate when the spell ends. If the quiver leaves your possession, the spell ends.</p>",
  "page": "phb 279",
  "Range": "Touch",
  "Components": "V, S, M",
  "Materials": "A quiver containing at least one piece of ammunition.",
  "Ritual": false,
  "Duration": "Up to 1 minute",
  "Concentration": true,
  "CastingTime": "1 bonus action",
  "Level": "5th-Level",
  "School": "Transmutation",
  "Catagory": "Ranger"
}