{
  "CardName": "Sword Burst",
  "Description": "<p>You create a momentary circle of spectral blades that sweep around you. Each creature within Range, other than you, must succeed on a Dexterity saving throw or take 1d6 force damage.</p><p>This spell's damage increases by 1d6 when you reach 5th Level (2d6), 11th Level (3d6), and 17th Level (4d6).</p>",
  "page": "scag 143",
  "Range": "5 feet",
  "Components": "V",
  "Ritual": false,
  "Duration": "Instantaneous",
  "Concentration": false,
  "CastingTime": "1 action",
  "Level": "Cantrip",
  "School": "Conjuration",
  "Catagory": "Sorcerer, Warlock, Wizard"
}