{
  "CardName": "Teleport",
  "Description": "<p>This spell instantly transports you and up to eight willing creatures of your choice that you can see within Range, or a single object that you can see within Range, to a destination you select. If you target an object, it must be able to fit entirely inside a 10-foot cube, and it can’t be held or carried by an unwilling creature.</p><p>The destination you choose must be known to you, and it must be on the same plane of existence as you. Your familiarity with the destination determines whether you arrive there successfully. The DM rolls d100 and consults the table.</p>",
  "page": "phb 281",
  "Range": "10 feet",
  "Components": "V",
  "Ritual": false,
  "Duration": "Instantaneous",
  "Concentration": false,
  "CastingTime": "1 action",
  "Level": "7th-Level",
  "School": "Conjuration",
  "Catagory": "Bard, Sorcerer, Wizard"
}