{
  "CardName": "Thaumaturgy",
  "Description": "<p>You manifest a minor wonder, a sign of supernatural power, within Range. You create one of the following magical effects within Range.</p><p>- Your voice booms up to three times as loud as normal for 1 minute.</p><p>- You cause flames to flicker, brighten, dim, or change color for 1 minute.</p><p>- You cause harmless tremors in the ground for 1 minute.</p><p>- You create an instantaneous sound that originates from a point of your choice within Range, such as a rumble of thunder, the cry of a raven, or ominous whispers.</p><p>- You instantaneously cause an unlocked door or window to fly open or slam shut.</p><p>- You alter the appearance of your eyes for 1 minute.</p><p>If you cast this spell multiple times, you can have up to three of its 1-minute effects active at a time, and you can dismiss such an effect as an action.</p>",
  "page": "phb 282",
  "Range": "30 feet",
  "Components": "V",
  "Ritual": false,
  "Duration": "1 minute",
  "Concentration": false,
  "CastingTime": "1 action",
  "Level": "Cantrip",
  "School": "Transmutation",
  "Catagory": "Cleric"
}