{
  "CardName": "Thunderous Smite",
  "Description": "<p>The first time you hit with a melee weapon attack during this spell’s Duration, your weapon rings with thunder that is audible within 300 feet of you, and the attack deals an extra 2d6 thunder damage to the target. Additionally, if the target is a creature, it must succeed on a strength saving throw or be pushed 10 feet away from you and knocked prone.</p>",
  "page": "phb 282",
  "Range": "Self",
  "Components": "V",
  "Ritual": false,
  "Duration": "Up to 1 minute",
  "Concentration": true,
  "CastingTime": "1 bonus action",
  "Level": "1st-Level",
  "School": "Evocation",
  "Catagory": "Paladin"
}