{
  "CardName": "Thunderclap",
  "Description": "<p>You create a burst of thunderous sound, which can be heard 100 feet away. Each creature other than you within 5 feet of you must make a Constitution saving throw. On a failed save, the creature takes 1d6 thunder damage.</p><p>The spell's damage increases by 1d6 when you reach 5th Level (2d6), 11th Level (3d6), and 17th Level (4d6).</p>",
  "page": "ee pc 22",
  "Range": "Self (5-foot radius)",
  "Components": "S",
  "Ritual": false,
  "Duration": "Instantaneous",
  "Concentration": false,
  "CastingTime": "1 action",
  "Level": "Cantrip",
  "School": "Evocation",
  "Catagory": "Bard, Druid, Sorcerer, Warlock, Wizard"
}