{
  "CardName": "Thunderwave",
  "Description": "<p>A wave of thunderous force sweeps out from you. Each creature in a 15-foot cube originating from you must make a constitution saving throw. On a failed save, a creature takes 2d8 thunder damage and is pushed 10 feet away from you. On a successful save, the creature takes half as much damage and isn’t pushed.</p><p>In addition, unsecured objects that are completely within the area of effect are automatically pushed 10 feet away from you by the spell’s effect, and the spell emits a thunderous boom audible out to 300 feet.</p>",
  "page": "phb 282",
  "Range": "Self",
  "Components": "V, S",
  "Ritual": false,
  "Duration": "Instantaneous",
  "Concentration": false,
  "CastingTime": "1 action",
  "Level": "1st-Level",
  "School": "Evocation",
  "Catagory": "Bard, Cleric, Druid, Sorcerer, Wizard",
  "AtHigherLevels": "<p>When you cast this spell using a spell slot of 2nd Level or higher, the damage increases by 1d8 for each slot Level above 1st.</p>",
  "archetype": "Cleric: Tempest",
  "domains": "Tempest"
}