{
  "CardName": "Tidal Wave",
  "Description": "<p>You conjure up a wave of water that crashes down on an area within Range. The area can be up to 30 feet long, up to 10 feet wide, and up to 10 feet tall. Each creature in that area must make a Dexterity saving throw. On a failure, a creature takes 4d8 bludgeoning damage and is knocked prone. On a success, a creature takes half as much damage and isn't knocked prone. The water then spreads out across the ground in all directions, extinguishing unprotected flames in its area and within 30 feet of it.</p>",
  "page": "ee pc 22",
  "Range": "120 feet",
  "Components": "V, S, M",
  "Materials": "A drop of water.",
  "Ritual": false,
  "Duration": "Instantaneous",
  "Concentration": false,
  "CastingTime": "1 action",
  "Level": "3rd-Level",
  "School": "Conjuration",
  "Catagory": "Druid, Wizard"
}