{
  "CardName": "True Resurrection",
  "Description": "<p>You touch a creature that has been dead for no longer than 200 years and that died for any reason except old age. If the creature’s soul is free and willing, the creature is restored to life with all its hit points.</p><p>This spell closes all wounds, neutralizes any poison, cures all diseases, and lifts any curses affecting the creature when it died. The spell replaces damaged or missing organs and limbs.</p><p>The spell can even provide a new body if the original no longer exists, in which case you must speak the creature’s CardName. The creature then appears in an unoccupied space you choose within 10 feet of you.</p>",
  "page": "phb 284",
  "Range": "Touch",
  "Components": "V, S, M",
  "Materials": "A sprinkle of holy water and diamonds worth at least 25,000gp, which the spell consumes.",
  "Ritual": false,
  "Duration": "Instantaneous",
  "Concentration": false,
  "CastingTime": "1 hour",
  "Level": "9th-Level",
  "School": "Necromancy",
  "Catagory": "Cleric, Druid"
}