{
  "CardName": "Wall of Sand",
  "Description": "<p>You conjure up a wall of swirling sand on the ground at a point you can see within Range. You can make the wall up to 30 feet long, 10 feet high, and 10 feet thick, and it vanishes when the spell ends. It blocks line of sight but not movement. A creature is blinded while in the wall's space and must spend 3 feet of movement for every 1 foot it moves there.</p>",
  "page": "ee pc 23",
  "Range": "90 feet",
  "Components": "V, S, M",
  "Materials": "A handful of sand.",
  "Ritual": false,
  "Duration": "Up to 10 minutes",
  "Concentration": true,
  "CastingTime": "1 action",
  "Level": "3rd-Level",
  "School": "Evocation",
  "Catagory": "Wizard"
}