{
  "CardName": "Wall of Ice",
  "Description": "<p>You create a wall of ice on a solid surface within Range. You can form it into a hemispherical dome or a sphere with a radius of up to 10 feet, or you can shape a flat surface made up of ten 10-foot-square panels. Each panel must be contiguous with another panel. In any form, the wall is 1 foot thick and lasts for the Duration.</p><p>If the wall cuts through a creature’s space when it appears, the creature within its area is pushed to one side of the wall and must make a dexterity saving throw. On a failed save, the creature takes 10d6 cold damage, or half as much damage on a successful save.</p><p>The wall is an object that can be damaged and thus breached. It has AC 12 and 30 hit points per 10-foot section, and it is vulnerable to fire damage. Reducing a 10-foot section of wall to 0 hit points destroys it and leaves behind a sheet of frigid air in the space the wall occupied. A creature moving through the sheet of frigid air for the first time on a turn must make a constitution saving throw. That creature takes 5d6 cold damage on a failed save, or half as much damage on a successful one.</p>",
  "page": "phb 285",
  "Range": "120 feet",
  "Components": "V, S, M",
  "Materials": "A small piece of quartz.",
  "Ritual": false,
  "Duration": "Up to 10 minutes",
  "Concentration": true,
  "CastingTime": "1 action",
  "Level": "6th-Level",
  "School": "Evocation",
  "Catagory": "Wizard",
  "AtHigherLevels": "<p>When you cast this spell using a spell slot of 7th Level or higher, the damage the wall deals when it appears increases by 2d6, and the damage from passing through the sheet of frigid air increases by 1d6, for each slot Level above 6th.</p>"
}