{
  "CardName": "Wall of Fire",
  "Description": "<p>You create a wall of fire on a solid surface within Range. You can make the wall up to 60 feet long, 20 feet high, and 1 foot thick, or a ringed wall up to 20 feet in diameter, 20 feet high, and 1 foot thick. The wall is opaque and lasts for the Duration.</p><p>When the wall appears, each creature within its area must make a Dexterity saving throw. On a failed save, a creature takes 5d8 fire damage, or half as much damage on a successful save.</p><p>One side of the wall, selected by you when you cast this spell, deals 5d8 fire damage to each creature that ends its turn within 10 feet o f that side or inside the wall. A creature takes the same damage when it enters the wall for the first time on a turn or ends its turn there. The other side o f the wall deals no damage.</p><p>The other side of the wall deals no damage.</p>",
  "page": "phb 285",
  "Range": "120 feet",
  "Components": "V, S, M",
  "Materials": "A small piece of phosphorus.",
  "Ritual": false,
  "Duration": "Up to 1 minute",
  "Concentration": true,
  "CastingTime": "1 action",
  "Level": "4th-Level",
  "School": "Evocation",
  "Catagory": "Cleric, Druid, Sorcerer, Warlock, Wizard",
  "AtHigherLevels": "<p>When you cast this spell using a Level spell slot 5 or more, the damage of the spell increases by 1d8 for each Level of higher spell slot to 4.</p>",
  "archetype": "Cleric: Light<br/> Warlock: Fiend",
  "domains": "Light",
  "patrons": "Fiend"
}