{
  "CardName": "Wall of Thorns",
  "Description": "<p>You create a wall of tough, pliable, tangled brush bristling with needle-sharp thorns. The wall appears within Range on a solid surface and lasts for the Duration. You choose to make the wall up to 60 feet long, 10 feet high, and 5 feet thick or a circle that has a 20-foot diameter and is up to 20 feet high and 5 feet thick. The wall blocks line of sight.</p><p>When the wall appears, each creature within its area must make a dexterity saving throw. On a failed save, a creature takes 7d8 piercing damage, or half as much damage on a successful save.</p><p>A creature can move through the wall, albeit slowly and painfully. For every 1 foot a creature moves through the wall, it must spend 4 feet of movement. Furthermore, the first time a creature enters the wall on a turn or ends its turn there, the creature must make a dexterity saving throw. It takes 7d8 slashing damage on a failed save, or half as much damage on a successful one.</p>",
  "page": "phb 287",
  "Range": "120 feet",
  "Components": "V, S, M",
  "Materials": "A handful of thorns.",
  "Ritual": false,
  "Duration": "Up to 10 minutes",
  "Concentration": true,
  "CastingTime": "1 action",
  "Level": "6th-Level",
  "School": "Conjuration",
  "Catagory": "Druid",
  "AtHigherLevels": "<p>When you cast this spell using a spell slot of 7th Level or higher, both types of damage increase by 1d8 for each slot Level above 6th.</p>"
}