{
  "CardName": "Wind Wall",
  "Description": "<p>A wall of strong wind rises from the ground at a point you choose within Range. You can make the wall up to 50 feet long, 15 feet high, and 1 foot thick. You can shape the wall in any way you choose so long as it makes one continuous path along the ground. The wall lasts for the Duration.</p><p>When the wall appears, each creature within its area must make a strength saving throw. A creature takes 3d8 bludgeoning damage on a failed save, or half as much damage on a successful one.</p><p>The strong wind keeps fog, smoke, and other gases at bay. Small or smaller flying creatures or objects can’t pass through the wall. Loose, lightweight Materialss brought into the wall fly upward. Arrows, bolts, and other ordinary projectiles launched at targets behind the wall are deflected upward and automatically miss. (Boulders hurled by giants or siege engines, and similar projectiles, are unaffected.) Creatures in gaseous form can’t pass through it.</p>",
  "page": "phb 288",
  "Range": "120 feet",
  "Components": "V, S, M",
  "Materials": "A tiny fan and a feather of exotic origin.",
  "Ritual": false,
  "Duration": "Up to 1 minute",
  "Concentration": true,
  "CastingTime": "1 action",
  "Level": "3rd-Level",
  "School": "Evocation",
  "Catagory": "Cleric, Druid, Ranger",
  "archetype": "Cleric: Nature",
  "domains": "Nature"
}