{
  "CardName": "Wish",
  "Description": "<p>Desire is the most powerful spell a deadly creature can throw. Simply by speaking aloud, you can alter the very foundations of reality as you wish.</p><p>The most basic use of this spell is to duplicate any other out of 8th Level or lower. You only need to fill out any conditions for that, not even the need for costly Components. The fate simply takes effect. You can also create one of the following effects of your choice:</p><p>- You create one object of up to 25,000 gp in value that isn’t a magic item. The object can be no more than 300 feet in any dimension, and it appears in an unoccupied space you can see on the ground.</p><p>- You allow a maximum of twenty creatures you can see to get all their points and you dispel all effects affecting them, as Descriptionribed in greater restoration spell.</p><p>- You grant to a maximum of ten creatures you can see resistance to a damage type you choose.</p><p>- You grant to a maximum of ten creatures you can see immunity to a single spell or other magical effect for 8 hours. For example, you can immunize yourself and your companions against the attack of the Lich draining.</p><p>- You cancel a recent event unique by requiring a new replacement jet diced any jet made during the last round (including your last turn). The reality is transformed to match the new launch. For example, a wish spell can cancel a successful saving throw enemy critical strike an opponent or ally saving throw missed. You can impose a jet with advantage or disadvantage, and you can choose to use the new result of the start or the old.</p><p>You can also do other things than the above examples. Descriptionribe your wishes to your MD in the most accurate way possible. The DM is free to determine what happens in this case; more desire, the more likely it is that something goes wrong. This spell may simply fail, the effect you want might be only partially executed, or you may suffer from unpredictable consequences depending on your formulation wish. For example, want an enemy died could propel you to a future time when your enemy is no longer alive, you effectively eliminating the game. Similarly, desiring a legendary magical object or artifact could carry you instantaneously in the presence of the current owner of the object.</p><p>Stress to cast this spell to produce an effect other than the reproduction of another spell weakens you. After undergoing this tension every time you cast a spell, and this until your next extended rest, you suffer 1d10 necrotic damage per spell Level. This damage can not be reduced or avoided in any way. In addition, your Force falls to 3, if it is not already less than 3, for 2d4 days. For each day spent resting or practicing a minor activity, your recovery time decreases by 2 days. Finally, you have a 33% chance of never being able to cast the spell if you wish undergoes stress.</p>",
  "page": "phb 288",
  "Range": "Self",
  "Components": "V",
  "Ritual": false,
  "Duration": "Instantaneous",
  "Concentration": false,
  "CastingTime": "1 action",
  "Level": "9th-Level",
  "School": "Conjuration",
  "Catagory": "Sorcerer, Wizard"
}