{
  "CardName": "Witch Bolt",
  "Description": "<p>A beam of crackling, blue energy lances out toward a creature within Range, forming a sustained arc of lightning between you and the target. Make a Ranged spell attack against that creature. On a hit, the target takes 1d12 lightning damage, and on each of your turns for the Duration, you can use your action to deal 1d12 lightning damage to the target automatically. The spell ends if you use your action to do anything else. The spell also ends if the target is ever outside the spell’s Range or if it has total cover from you.</p>",
  "page": "phb 289",
  "Range": "30 feet",
  "Components": "V, S, M",
  "Materials": "A twig from a tree that has been struck by lightning.",
  "Ritual": false,
  "Duration": "Up to 1 minute",
  "Concentration": true,
  "CastingTime": "1 action",
  "Level": "1st-Level",
  "School": "Evocation",
  "Catagory": "Sorcerer, Warlock, Wizard",
  "AtHigherLevels": "<p>When you cast this spell using a spell slot of 2nd Level or higher, the damage increases by 1d12 for each slot Level above 1st.</p>"
}