{
  "CardName": "Wrathful Smite",
  "Description": "<p>The next time you hit with a melee weapon attack during this spell’s Duration, your attack deals an extra 1d6 psychic damage. Additionally, if the target is a creature, it must make a wisdom saving throw or be frightened of you until the spell ends. As an action, the creature can make a Wisdom check against your spell save DC to steel its resolve and end this spell.</p>",
  "page": "phb 289",
  "Range": "Self",
  "Components": "V",
  "Ritual": false,
  "Duration": "Up to 1 minute",
  "Concentration": true,
  "CastingTime": "1 bonus action",
  "Level": "1st-Level",
  "School": "Evocation",
  "Catagory": "Paladin"
}